,LABB.MX,GENTERA.MX,WMT.MX
2015-01-05,-0.06997522801957334,-0.026242708953806648,0.0
2015-01-06,0.029852963149681333,0.027641876593816672,0.005808290680400674
2015-01-07,-0.0035835196620377374,-0.018698860993718647,0.012130367147567434
2015-01-08,0.0015943008240615342,0.006743677448388663,0.01310608255576895
2015-01-09,-0.01161643321780259,-0.006387606523537315,-0.011014117987597771
2015-01-12,-0.022408760037951225,-0.012538199949793771,0.009726487686629426
2015-01-13,-0.03309202477861417,-0.010873495834121893,0.0011440934656645751
2015-01-14,-0.04530386974212153,0.023411695783915665,-0.025760568650721183
2015-01-15,-0.06346966599532688,0.0007118889981345689,0.0
2015-01-16,0.021142484057191435,-0.00785742349847185,-0.0185834672865699
2015-01-19,0.007410872268629021,0.002149222895112768,0.0
2015-01-20,0.04995418636892346,0.0010725833690874431,-0.0030594016744007746
2015-01-21,0.04464256200996264,0.009957531428228084,0.0
2015-01-22,0.040318048921200944,-0.0010622461699436592,0.019371775959927895
2015-01-23,0.008432132041173102,0.004241810529566958,0.016755107397584013
2015-01-26,0.02370719436915225,0.03466564323685839,0.0
2015-01-27,-0.011388341982704553,-0.011996772125657085,0.0
2015-01-28,-0.006736700730227696,-0.002762378487778605,0.0
2015-01-29,-0.019269966004482608,-0.021318501405346524,0.0
2015-01-30,-0.03842654135974355,0.00035326285277781366,-0.0007658962457401941
2015-02-03,0.02619151948965026,0.0285435448326381,0.0
2015-02-04,-0.014466092019334464,-0.009655202352546244,0.0
2015-02-05,-0.0008329863038918361,0.012738976606061492,0.0
2015-02-06,-0.004175371410480633,-0.020391380862673447,0.0
2015-02-09,-0.036212732878756704,-0.008415158919337085,-0.018694872678476138
2015-02-10,-0.034425244789431986,-0.0017620333749968076,0.010229741769653522
2015-02-11,-0.029159287536395073,0.0052771478797715154,0.0
2015-02-12,0.011948672118928805,0.023579305240128967,-0.011894178961637358
2015-02-13,0.0063753403550870225,0.0017121200371068568,0.0
2015-02-16,-0.0040937057809626864,-0.004801145776772042,0.0
2015-02-17,-0.007778625179478471,0.01399585827018024,-0.002897652678752749
2015-02-18,0.008689695857531987,-0.019165575418280234,0.004734197710974719
2015-02-19,-0.016066354310321884,0.011680015884401929,-0.019597174771833537
2015-02-20,0.012873649058144032,-0.008919420218330032,0.007684421492300864
2015-02-23,-0.023106389508315228,0.00721026725880014,0.004822937449770137
2015-02-24,0.009769838346624482,0.020318966031552144,-0.008289123193760517
2015-02-25,0.024240794185309777,-0.021688272213325366,0.0
2015-02-26,0.0009033876157151788,-0.01972045198085226,0.0
2015-02-27,-0.30544614695518346,0.0013966417287565314,0.0
2015-03-02,-0.22283722568767583,-0.009817662456248488,-0.005165771377209083
2015-03-03,-0.07883108873884481,0.00211190217290369,0.0
2015-03-04,-0.026019092638959407,-0.03034338411208415,-0.008787469423136685
2015-03-05,0.11171781615329257,-0.016813206030720007,0.018453528529745356
2015-03-06,0.012093873783246778,0.009172705391665037,0.01216568985262878
2015-03-09,-0.020494075908513487,0.019530603250163647,0.00023386347633191917
2015-03-10,-0.046300933587790194,-0.023923020171365383,-0.0007798223951835936
2015-03-11,0.10511952276595027,0.008402043366631862,-0.024511648375824535
2015-03-12,0.06846248260304044,0.012651462446662265,0.0
2015-03-13,-0.007455134495016669,-0.02142024515441232,0.0
2015-03-17,0.012170535620255496,0.00036673934111819406,0.0
2015-03-18,-0.040458037463170005,0.023923020171365383,0.0
2015-03-19,-0.032719846265109265,-0.0053871117844055405,0.0
2015-03-20,0.007204642115047566,-0.002523951724063167,0.0023325350666185685
2015-03-23,0.01990115431729489,0.0010824737302748133,-0.0032767551368024783
2015-03-24,-0.022776785342756956,0.0,0.0
2015-03-25,-0.01377332393217312,0.005394733530481588,0.0
2015-03-26,0.0007296607401441335,-0.01590762202673579,-0.005852139838119719
2015-03-27,0.0209318360410351,-0.00988854041158671,0.0
2015-03-30,0.01910210187348671,0.005505662293446623,0.015451312738538725
2015-03-31,0.012534983069695915,0.00547547246047797,0.0
2015-04-01,0.07400910419180473,-0.00036423921695760697,-0.03579362792192686
2015-04-06,0.026008443476675414,0.009784533370873927,0.0
2015-04-07,0.04109741306998549,-0.002889118313372574,0.0
2015-04-08,0.05608952674719969,-0.00036173818242390965,0.0
2015-04-09,0.07126302002149032,-0.007262032000457719,-0.012069134676353954
2015-04-10,-0.046016292688370264,-0.0029197833048533184,0.0
2015-04-13,0.019748365867759965,-0.020307166260803644,0.0
2015-04-14,-0.021966836057121686,0.012602057462888894,0.018645459424935673
2015-04-15,-0.027584073679619348,0.00514333006272194,0.0
2015-04-16,0.01978029962279848,0.005116881088036429,-0.01731595525138374
2015-04-17,-0.01806949219922771,-0.025102893063594145,-0.011384943755285093
2015-04-20,0.011894844632208024,0.014842681912835776,0.0
2015-04-21,-0.009049835519917782,-0.01746282172676583,-0.00031052864272140823
2015-04-22,-0.041769472118003304,0.01340305644567552,0.010166211449029738
2015-04-23,-0.022163171994066477,0.017232406459126715,0.015460233420639291
2015-04-24,0.016817272716672438,-0.0003636661130776986,0.0004993062073497256
2015-04-27,0.03970153625627004,0.002904854169433868,0.0
2015-04-28,-0.005165004605133916,-0.0018145555981816663,-0.01111326363299181
2015-04-29,-0.013905207473270398,-0.032111975804734794,0.0
2015-04-30,0.05449708344520543,-0.017786606491195567,0.0
2015-05-04,-0.00498477908391548,0.03967591952445204,0.013974659735692896
2015-05-05,-0.005567943115244223,-0.005520019807852883,-0.019911204808308547
2015-05-06,-0.025446722934934662,-0.0062927590937058575,-0.00656978276325848
2015-05-07,-0.03259887120865823,-0.01421098075515781,0.0
2015-05-08,0.006487784478742764,0.0037591835473165247,0.0
2015-05-11,-0.008857394522081563,0.02153025570124978,0.0
2015-05-12,0.007680923798151884,0.004523172708805756,0.0
2015-05-13,-0.023222240321342902,-0.007549939616046331,0.0015587049222984817
2015-05-14,0.0006022884673999584,-0.0076075521810836655,-0.0057600670457063075
2015-05-15,0.010778546818811297,0.005710950976013152,0.0
2015-05-18,0.02528791027886479,-0.000759631197115862,0.0
2015-05-19,0.01898245200424231,-0.010311323986457399,-0.01776534847760658
2015-05-20,-0.01898245200424231,0.004978041139014788,0.0
2015-05-21,0.002899451231013206,-0.009209548406241552,0.0
2015-05-22,-0.0034803400408929264,-0.012412927706313415,0.0
2015-05-25,0.006948551609820441,0.009710732404340838,0.0
2015-05-26,-0.028682094913333955,0.0007728395584658543,-0.01475791454774722
2015-05-27,0.017074245144730327,0.005392950153185527,0.0
2015-05-28,0.021369626970557665,0.004599454642676193,0.0
2015-05-29,-0.05219589709957084,0.011028850127576817,0.0
2015-06-01,0.041279327588143566,0.010534338476763772,0.0
2015-06-02,-0.007538394861931863,-0.007890408483767875,0.002875107236728347
2015-06-03,-0.02475082150217256,-0.005294868886936754,0.0
2015-06-04,-0.008990111224039143,0.016547846947935874,0.0
2015-06-05,-0.001204879627544564,0.002979507161812389,0.0
2015-06-08,-0.014572206859090553,0.010358915612799446,0.0
2015-06-09,0.01034387074956955,0.0120726012039154,0.0
2015-06-10,-0.011567861110458377,-0.005103850992267844,-0.027276483989048472
2015-06-11,-0.03426059156464545,-0.003294947500663614,0.0
2015-06-12,0.005056900788973362,0.006943030563294261,-0.000249628498672827
2015-06-15,-0.021026579046106164,-0.00511122058864677,-8.872770908219252e-06
2015-06-16,-0.024113256946369788,0.008020471880326507,-0.002678871435540131
2015-06-17,0.006574645642085208,-0.0010898512017831763,0.0029016683940739085
2015-06-18,0.012373977487443621,0.003628311679382712,-0.0011150303236213688
2015-06-19,-0.00844983903130947,-0.0032648959544068212,0.0
2015-06-22,0.08084581951745262,-0.0014545403760704012,0.0
2015-06-23,0.037227281405649126,0.010137631262851166,-0.002680715601709238
2015-06-24,-0.011082120157049236,0.0017993384777934551,0.005781636211414032
2015-06-25,-0.02976410367838822,-0.002520098403495652,-0.005898289537649148
2015-06-26,0.00361894242978833,0.01146961879852082,0.0072499389339562015
2015-06-29,-0.040546154599044204,-0.0021404326690666053,-0.004006299495179277
2015-06-30,-0.01898791224469143,-0.005730653530404695,-0.004004587777979296
2015-07-01,0.020241045240759092,0.005730653530404695,0.00042993317592099345
2015-07-02,0.023515935116341424,-0.005730653530404695,0.0
2015-07-03,0.014572206859090553,-0.002517629175760039,0.0
2015-07-06,-0.01886268220289944,0.0043118016457253106,0.026503329564696365
2015-07-07,0.005513030470942759,0.002506727664555175,0.011269998967187611
2015-07-08,-0.0424268857254555,-0.00717867280786777,-0.0010346663711509052
2015-07-09,0.023308079507172064,0.0014397964236678717,-0.00973866548130875
2015-07-10,0.014833400210908287,0.0028735550242195984,0.004720781026336773
2015-07-13,-0.0036877117294893402,0.0,0.006052550826122882
2015-07-14,0.01527680183797564,0.0028653213599802996,-0.0006896238893974171
2015-07-15,-0.010975781250665229,-0.007899432733569967,-5.18280571686347e-05
2015-07-16,-0.01420209157002228,-0.006872791377510623,0.008042412367455398
2015-07-17,-0.017566323717899124,0.005068741098255725,0.0038434398521678403
2015-07-20,0.04153054344017226,0.010775968947271952,-0.0022445586658319527
2015-07-21,0.010869732953359357,-0.006451820264521402,-0.008899841607225234
2015-07-22,-0.037948187421961155,-0.013029286245322513,0.03390184441634947
2015-07-23,0.022209302738432246,-0.00255344461239293,-0.01999030313437178
2015-07-24,-0.07078121251238256,-0.024026268276643226,-0.009610368559992644
2015-07-27,-0.02184793952586972,0.004851708369896901,-0.00038605188398577184
2015-07-28,0.002006018726865566,-0.0003722608430609675,0.008107339515054157
2015-07-29,-0.033970657788144454,0.013686019019831797,0.0
2015-07-30,0.015769953141298032,-0.0029432468359531505,0.0
2015-07-31,0.016863806052004993,0.020784607980291803,-0.010936597715190288
2015-08-03,0.017241806434506124,0.012551691838377455,0.0
2015-08-04,-0.004612858261898722,0.008870013547466638,0.007497851168254854
2015-08-05,0.03440780835862656,-0.003893086806264101,0.030699477734953184
2015-08-06,-0.008974419207333995,-0.00070946893505619,-0.014121204119663666
2015-08-07,-0.01557461721962472,-0.005693820996112375,-0.02474308460841712
2015-08-10,0.007817629391053682,0.001426363189966029,-0.004492755157417427
2015-08-11,-0.007163820933634657,-0.00500165439115019,0.014357766728110732
2015-08-12,-0.013158084577510998,-0.0338769597742572,0.00515977117146349
2015-08-13,-0.02141982830082334,0.0025902078562576314,0.004676449248107062
2015-08-14,-0.0067888923336858475,-0.0014792848828824035,0.0
2015-08-17,0.005434795985956864,0.01396575781281495,0.0
2015-08-18,-0.018462062839735616,-0.0014609152578852758,-0.039375832247607434
2015-08-19,-0.04445176257083361,-0.007705167315495753,0.00035160265228029175
2015-08-20,-0.005063301956546695,-0.00925057579010069,0.0
2015-08-21,-0.03617965657750233,-0.008587155163713334,0.0013345757620264465
2015-08-24,-0.05327388525088006,-0.03860586214863959,-0.03460325422088495
2015-08-25,0.050261834780888304,-0.010578038707609316,0.0107455123012139
2015-08-26,-0.00377786622348264,0.01135711034568132,-0.010991030080482744
2015-08-27,0.047311114099113816,0.01199934905649469,0.0027230956780410764
2015-08-28,-0.002892265212147027,0.02545252805574094,0.0
2015-08-31,-0.017531493574423074,0.0037437768871546595,0.0
2015-09-01,-0.001474926521067399,-0.004494373780450811,0.0
2015-09-02,0.055968694514370476,0.0,0.0
2015-09-03,-0.010522720736099167,0.014533656765691738,0.0
2015-09-04,-0.011347639497537365,-0.010039282985240927,0.0
2015-09-07,0.0035599895198537013,0.010778968137429512,0.0
2015-09-08,0.017612290406201936,0.004058218354148213,0.00785431786341828
2015-09-09,-0.04134587473829665,-0.009990817535537655,-0.004145263188884307
2015-09-10,0.01588481054002333,0.01878858108233228,0.0
2015-09-11,0.017749844774782808,-0.009534366439452047,0.0
2015-09-14,-0.007062176244286622,0.006976426044432049,-0.026350821265371138
2015-09-15,0.01337577140113888,-0.012148324214594997,0.002425988169220794
2015-09-17,0.010434877292579525,-0.0011116604084522308,-0.011834245999491344
2015-09-18,0.04730611739693735,0.0007412442318770474,-0.00893096462192311
2015-09-21,0.020902132629596615,-0.003339977577291542,0.0
2015-09-22,0.008368249670516192,-0.006713999457894193,0.006588390214726125
2015-09-23,0.030305349495328926,0.006713999457894193,0.0
2015-09-24,0.01848475362404045,-0.010088088210252089,0.011889615808126308
2015-09-25,0.022934077679076292,0.01897038013428176,0.009943695137166308
2015-09-28,0.018327441752412188,0.008073451181566771,0.0
2015-09-29,-0.0566417066655136,0.009457978548823576,-0.001405651813654707
2015-09-30,-0.13663595901453762,0.0018087021433443873,0.0
2015-10-01,-0.05028381642621538,-0.012363705829302685,0.0
2015-10-02,-0.06006424074265038,0.014168975180420151,-0.003221765573882429
2015-10-05,0.014966801633319093,0.006831035950266351,0.011551195782034007
2015-10-06,0.03985201681626904,0.012462304176320771,0.001001903910968771
2015-10-07,-0.00905666567779706,-0.016051961927795233,0.06418586431193418
2015-10-08,-0.023783246053015628,0.0068090877259585625,0.0
2015-10-09,0.023024808398153684,0.013127751882997085,-0.06454992433295637
2015-10-12,0.0022735894598726603,-0.004593003911356419,-0.002033566064440606
2015-10-13,-0.038585033332871,0.014414121641370237,0.0
2015-10-14,-0.010280833929068312,0.0038320959955520095,-0.09943790497767857
2015-10-15,0.014990418772153458,0.0017370703089527595,-0.027982091539868748
2015-10-16,0.005466628217367209,0.009328089315638444,-0.0004046005956110932
2015-10-19,0.010844413014128751,-0.009328089315638444,0.007429982725111195
2015-10-20,-0.017094433359300165,0.012760847982507428,0.004827414708860722
2015-10-21,-0.018189509008666782,-0.006187571227600053,0.006128592592647308
2015-10-22,-0.0015974444291573242,0.0024108159059927914,-0.004081531690149021
2015-10-23,0.0023952107259548328,0.008222089707673241,-0.0010230375356723442
2015-10-26,-0.011227062593783366,0.007816435022611312,-0.007190659361461904
2015-10-27,-0.00566115543473833,0.00033852439045789495,-0.020676158449433935
2015-10-28,0.03035376802511003,0.010770888310237758,0.00770587055816474
2015-10-29,-0.031165127095988954,-0.0006697899578966826,0.003648631963700133
2015-10-30,-0.015542235149414996,0.0192442072496255,0.0
2015-11-03,-0.006617063019294989,-0.006263485103842115,-0.002354446107594832
2015-11-04,-0.009170551972208063,0.03572966875945349,0.007543846723566894
2015-11-05,-0.04190437796420721,0.013627217024122285,0.011834438704927841
2015-11-06,-0.026550232094120663,-0.0037842859246124405,0.011696021261630385
2015-11-09,-0.0026942090836916677,0.013806328813392721,-0.015282765611921434
2015-11-10,-0.01906548897745708,-0.00374655081317421,0.006140948995327022
2015-11-11,-0.011987234364128074,0.015518603185668223,0.0
2015-11-12,0.01929320293467862,0.012547992217666337,0.0
2015-11-13,-0.007305968570550547,-0.005795346280724534,-0.03319796226960481
2015-11-17,0.006395636236405267,-0.007985164309393333,0.0673036962131679
2015-11-18,0.004543397184026521,-0.003707198372072007,0.006879709369108866
2015-11-19,0.023298544896159346,0.04567558796209514,0.0
2015-11-20,0.02016727710617472,-0.007717398643465767,-0.023787151970431353
2015-11-23,0.024861974941525755,-0.015313555364178999,0.0017037457523807475
2015-11-24,0.02343203441743036,0.020662627710792858,-0.005723869282455496
2015-11-25,0.08252102368800385,-0.011026796082880264,0.005022649129780454
2015-11-26,-0.01922396763849754,0.0029922462511793313,0.0
2015-11-27,0.006191970247921397,0.008627105942975444,0.0
2015-11-30,-0.0038654860655777945,-0.03926817752917788,-0.020243508083178874
2015-12-01,0.011551918989733956,0.0,-0.0020265507358621093
2015-12-02,-0.005374293165776756,-0.014272572228400282,-0.007335799969080625
2015-12-03,0.015279136046714825,-0.005640895830222092,0.02003755690373854
2015-12-04,0.015049192973858094,0.01929724461411464,0.006255638741881953
2015-12-07,0.02798415303748225,-0.035454654917565165,0.035375617772697154
2015-12-08,-0.019802627296179764,-0.011241538582860144,-0.014670137473006939
2015-12-09,-0.04623786849328759,0.00258056253150718,0.006706462007919356
2015-12-10,-0.03553472964006277,0.021986070616199616,0.002121468683283112
2015-12-11,-0.018661799188420147,-0.027801785595867212,0.0
2015-12-14,-0.02068753960012737,0.005815714979667597,0.0
2015-12-15,-0.013468217050866649,0.04102830299122884,0.010684991635280916
2015-12-16,0.05120854503371364,0.05181873673679993,-0.009708956922716894
2015-12-17,0.029355539085418325,-0.01837092413051611,-0.017716849436937743
2015-12-18,0.01397538273760146,-0.01597611491082329,0.0
2015-12-21,-0.028942184370920554,-0.0036528879128163716,0.010962358859980093
2015-12-22,0.01886848430438315,0.01663420696106188,0.022723643120475145
2015-12-23,0.0,0.0017980507495063414,0.0
2015-12-24,0.02233439005288984,-0.00480198187400438,0.010934079250390027
2015-12-28,-0.006111554546002651,-0.00815593565848971,-0.0021675758610921747
2015-12-29,-0.0007665772701956897,0.0018181055081378794,0.007736242950558747
2015-12-30,0.044985095916809215,0.0060368912987534,0.0
2015-12-31,0.015278580218031745,0.0036046074759519264,0.0
2016-01-04,0.039637177378083255,-0.04759136527741559,-0.0055212226066707615
2016-01-05,-0.04543009727086744,0.011257185812796777,0.03545154947835982
2016-01-06,-0.008752791109594593,-0.008430950334075149,0.016724564394521302
2016-01-07,-0.029741969198737728,-0.041619317641868214,0.03821824974075483
2016-01-08,-0.015209418663528762,-0.0022910382376215566,0.010683476593945862
2016-01-11,0.015963850989014094,-0.03704745561987144,-0.015571384413038736
2016-01-12,0.014227121290131706,-0.008194018498739464,0.0026120200019636997
2016-01-13,-0.007462721201589861,0.00887394390731977,-0.017552939021074465
2016-01-14,0.002991774856822893,0.033085584377763766,8.907452649253855e-06
2016-01-15,-0.01960847138837618,-0.030370967760278145,-0.0081302614169525
2016-01-18,-0.01689748345615394,-0.01227438939552572,0.0
2016-01-19,-0.0031031832505159507,0.004791191257272676,0.0020052181110452594
2016-01-20,-0.0031128429804900826,0.017262269304743505,0.0
2016-01-21,0.07288241353561409,0.13185220044604096,0.014935747946335454
2016-01-22,-0.049768903848454116,-0.10634145339682766,0.0
2016-01-25,-0.02389323682218114,0.008144646109977227,0.03448604905658481
2016-01-26,-0.010192169766227721,-0.007817677463766604,0.008439147068393993
2016-01-27,-0.029590323620922288,-0.0029472580976190876,0.0
2016-01-28,-0.01225005110593802,0.02621922306948843,0.0
2016-01-29,0.00246204473977496,0.03577422117233331,-0.0050550202090740015
2016-02-02,0.022691411202070633,-0.03003984184495767,0.042172291773331594
2016-02-03,-0.021053409197832273,0.003488123647493513,0.0
2016-02-04,0.008961363432803626,0.04215071106934776,-0.028749157027943895
2016-02-05,-0.011419373683072553,-0.018377244787214586,0.014436855635270973
2016-02-08,0.015466323763269951,0.01381449804880841,0.014312301392672921
2016-02-09,0.012841267948324298,-0.007343947681122565,-0.007803496864540627
2016-02-10,0.0039793128514813425,0.016448717023322956,0.011037257212429097
2016-02-11,-0.039697395453560436,-0.004238597192446569,0.012432443215977251
2016-02-12,-0.0024824174932551735,0.00484264214796104,0.001115389430327518
2016-02-15,0.013986241974739855,0.018843037675040364,0.0
2016-02-16,-0.027330893716971172,0.0,-0.012337950373608741
2016-02-17,0.019127402264143445,0.047731449981146756,-0.02489402751918135
2016-02-18,-0.027559155422081538,0.027032422470677275,-0.027651666359333582
2016-02-19,-0.0025434519858302806,-0.03383527709708867,-0.0034044969935793645
2016-02-22,-0.019717741255637744,-0.016633332778571486,0.0
2016-02-23,-0.034349480014638,0.006054469580758948,0.026915436451111496
2016-02-24,-0.03186432530204808,0.0028701889278548443,0.010533454425569744
2016-02-25,-0.031002952758220736,-0.03410915053408958,0.00510307150805378
2016-02-26,0.09026625224838325,0.0,-0.00819564031302189
2016-02-29,0.03427927748029713,0.008857387920756299,-0.007440885620601634
2016-03-01,0.0008421053129223921,0.011689162628470307,-0.013367165868912956
2016-03-02,-0.0016849203649194067,-0.004659146169053496,-0.012695588665477153
2016-03-03,0.0050462680676242044,0.007560379377465232,-0.0011423746534173773
2016-03-04,-0.0016792615197198657,-0.003482289065823263,0.012196739648213217
2016-03-07,-0.0033670065479043387,-0.00846605567675951,0.017122166288564777
2016-03-08,0.0025263171331109113,-0.015064492286436693,0.0
2016-03-09,-0.01525453309306446,-0.0032790471010279987,0.00041413220577712906
2016-03-10,0.0008536065392408254,-0.004789011239673346,-0.0062719777081490236
2016-03-11,0.033560196492301575,0.012522341061394382,0.0
2016-03-14,-0.014962872676712369,-0.010723855587624342,0.0
2016-03-15,0.007509422022131673,-0.00029944779487989237,0.012504660111747334
2016-03-16,-0.008347293876763029,0.028645045136729497,-0.008346601486750593
2016-03-17,0.010008423826839419,-0.005254102717073383,0.0
2016-03-18,0.03345885342264321,-0.0005853082903239937,0.0
2016-03-22,0.040886197916636835,0.023727944196089368,0.0
2016-03-23,0.03259098601764299,-0.04413994856404191,0.0
2016-03-28,-0.0007459903367212917,-0.00029882125927205294,0.0
2016-03-29,0.010393560527263368,-0.0002991185972414101,0.0
2016-03-30,0.0014760150281203366,0.030336704226340938,0.0
2016-03-31,-0.01485911440374954,-0.014906117401400909,-0.004158058624996741
2016-04-01,0.01485911440374954,0.00029453912426546935,-0.0015845291239022785
2016-04-04,0.0014738396183004987,-0.01632349293226376,0.006572088086952199
2016-04-05,-0.021586249405395996,-0.01689817503165303,0.0
2016-04-06,0.009734258818381747,0.023757046002298665,0.0
2016-04-07,-0.024133901336429897,0.03360418822390576,0.0
2016-04-08,-0.01849051139763258,-0.03093333197767656,0.0
2016-04-11,-0.004676547883901705,-0.011026796082880264,0.0
2016-04-12,0.026976587698201993,0.018114809483404937,-0.0042130411267882195
2016-04-13,0.0,-0.002357024924545925,0.008944604566655912
2016-04-14,0.0262679268206103,0.002651390704618173,0.0
2016-04-15,0.007380107297622729,0.025560369476052003,0.0014682580010560997
2016-04-18,0.010241494052196654,-0.05421066602789315,0.003134693651616338
2016-04-19,-0.0036456474938457717,0.0447018957415839,0.0
2016-04-20,-0.0014619885644990838,-0.022249217062609183,-0.013156029059111951
2016-04-21,0.008740041069352333,-0.013410849125303326,-0.0019997968520462095
2016-04-22,0.01511363781004782,0.009852139233227586,0.0
2016-04-25,0.04127903291943591,0.022037104587030232,0.0
2016-04-26,0.04227398989884534,-0.018478394694954492,0.002498969000155782
2016-04-27,0.01175715698604396,0.008548272897184184,0.00828525044413464
2016-04-28,0.11691680199845766,0.0020526312860988938,0.0
2016-04-29,0.0878776106475554,0.0023405425237355004,0.0
2016-05-02,0.030739591453872617,0.011332364701243325,0.0
2016-05-03,-0.037641662921051644,-0.017782118971989114,0.0
2016-05-04,0.004253063295602377,0.0055726078959499326,0.0
2016-05-05,-0.015504240415277426,-0.014138623466289246,-0.019159474349581984
2016-05-06,-0.039565546326879364,-0.010137234256544225,0.014669225991779555
2016-05-09,-0.002244726033600486,0.02807103337259287,0.03825375538691311
2016-05-10,-0.014144508186446636,0.0331262914168442,-0.016585211715047343
2016-05-11,-0.004568826026837058,-0.029852980975062948,-0.03128354614963058
2016-05-12,-0.0022922073730495818,-0.006258355170980945,-0.010291161719530706
2016-05-13,0.03495276984529694,-0.014757244577644713,-0.0006933872515801909
2016-05-16,-0.02354368968894649,0.010562971763553808,0.0
2016-05-17,0.04762810571075349,-0.010866398877611871,0.0
2016-05-18,0.006469078989675747,0.009664903993544804,-0.01662515529454467
2016-05-19,-0.019534044360208558,-0.017586915144795157,0.09514466117478904
2016-05-20,-0.012127987350159408,-0.016656640401355283,0.004294667034346666
2016-05-23,-0.024138190634234835,-0.007493085536420807,0.0
2016-05-24,0.030220487516090966,0.030553287856050382,0.011618920108656283
2016-05-25,0.04262857566103406,-0.0180959406150607,0.0006080818143585631
2016-05-26,0.003164559602963024,0.006478421680943924,0.0005463913955345845
2016-05-27,0.015674353933773588,0.00796339788671574,0.007365193791295965
2016-05-30,0.0031055407178230965,-0.0051995692013666606,0.0
2016-05-31,-0.030432568877373445,0.03020456783678549,-0.003143241715494405
2016-06-01,-0.003736273261942369,-0.006866643152541041,-0.0015333222900029142
2016-06-02,0.018018504547751224,-0.01114653333745208,0.0
2016-06-03,-0.008438974132974675,0.005438152164014998,0.013639048597505976
2016-06-06,-0.012256961661427201,0.0009034619965238022,0.0034749619907525897
2016-06-07,-0.004837472611082028,-0.009071665740225221,0.0
2016-06-08,0.0032276520758696137,-0.014688120794447368,-0.02752439190334144
2016-06-09,0.012276588339407812,-0.0006167832220400626,0.0030957455074327456
2016-06-10,-0.01120315828464502,0.0021568871285073676,0.021256213646787536
2016-06-13,-0.059116853410368986,-0.004936690854150605,-0.00926501383364009
2016-06-14,0.009065217887110677,-0.006516829706953331,0.019808503737044347
2016-06-15,0.0061850070657465395,-0.012531500765953218,0.0
2016-06-16,0.019978521875939848,-0.006642355602855421,0.0
2016-06-17,0.01742958019023,0.015118300813361518,0.0034750541714956285
2016-06-20,0.0037725725153197054,0.037427570300383906,-0.007834009438248302
2016-06-21,-0.0026931876582123593,-0.015781688732465327,0.0
2016-06-22,-0.018508965047337345,0.004882596488069435,0.0
2016-06-23,0.006025655043650158,-0.0021331556171961807,-0.009412767740520245
2016-06-24,-0.03162532719001998,-0.007348510688896859,0.0
2016-06-27,-0.01419268785092287,-0.02520763721345176,0.0
2016-06-28,0.03151634034671602,0.008160825463556787,0.0
2016-06-29,0.0011074752269109034,0.027745428519038384,0.0
2016-06-30,0.03640717220613876,-0.011621106836971595,0.0
2016-07-01,0.020597454367969004,0.007660616876739912,0.0
2016-07-04,-0.005240997321581009,-0.008891696192822263,0.0
2016-07-05,0.00367160119592036,-0.00030800678053921615,0.025064012695619198
2016-07-06,0.03042260838565003,-0.013647828239012227,0.022701472132371947
2016-07-07,0.06441149428518855,0.0059161715679301174,0.0
2016-07-08,0.01746567840220381,0.012035316276251429,0.0
2016-07-11,-0.00046805521715453935,0.014918861496805658,-0.00872095717489163
2016-07-12,-0.03671453986877404,-0.0012095907772193826,0.0
2016-07-13,-0.03962871089465425,0.010234895165257107,0.0
2016-07-14,-0.00811785279911037,0.006567259998752739,0.0
2016-07-15,0.0,-0.013479371659971484,0.0
2016-07-18,0.009127852884968757,0.0033118472984745573,0.0
2016-07-19,0.03910426556463298,-0.0012030425283375834,-0.007325940748254212
2016-07-20,0.02492943039100881,-0.0018073331132288928,0.006888261507281612
2016-07-21,0.008017019689251281,0.00989964419149425,0.0005109058622299045
2016-07-22,0.01722971569704912,0.009211268204785572,-7.322662125730517e-05
2016-07-25,0.005524921845650788,0.0002957436894401866,0.0
2016-07-26,-0.020408917544888272,-0.006228756082656606,0.024536164316692144
2016-07-27,0.016268125069370143,0.035942549726314166,-0.024536164316692144
2016-07-28,-0.02995085832052613,0.01509771630389567,0.0
2016-07-29,0.02115242251116589,-0.01509771630389567,7.322662125730517e-05
2016-08-01,-0.010755305921471336,0.011699304084257012,0.0
2016-08-02,0.016783564520735705,-0.025863429719950926,0.0
2016-08-03,-0.009756128713278578,0.006095043753117757,0.0
2016-08-04,-0.047320656190072086,0.02373215380047977,0.0
2016-08-05,0.0,0.015421581767593118,0.0
2016-08-08,0.011195054861961928,0.003333433016090126,-0.003949329785753797
2016-08-09,0.012028049749049696,-0.00695695881214764,-0.0065355089598897464
2016-08-10,0.012829826732718264,-0.004478103075082007,0.005034278895398536
2016-08-11,-0.009487737205109426,0.0016815522596904664,0.0
2016-08-12,0.004755120705010274,-0.018369942663922778,0.0
2016-08-15,0.007561472700576388,0.01078031782726585,-0.008071338969419806
2016-08-16,-0.005192412071850061,0.006749218040996041,0.0005917738471259426
2016-08-17,-0.0037932716794366605,0.013363141796506994,-0.030718527303744025
2016-08-18,-0.004761818521608507,-0.004990247452945962,0.02235520620363296
2016-08-19,-0.029549303480428613,-0.0016690176924183397,-0.00729121070554406
2016-08-22,0.05080153140739174,-0.00390519962117164,0.0
2016-08-23,-0.006093292815660067,-0.02633607329174792,-0.003763547453161209
2016-08-24,0.011220314067493131,0.0028654959830705096,0.0046948170353449115
2016-08-25,0.002785517121426384,0.01307583808585333,0.0
2016-08-26,-0.016359374340582544,-0.008508313555941616,-0.018515517477646348
2016-08-29,-0.004723579873938455,-0.014921377179250683,0.012522760028716107
2016-08-30,0.006606866727257632,0.03772962957918802,0.0
2016-08-31,-0.007554332431781052,0.01492141129224045,0.0
2016-09-01,-0.012398823596854402,-0.026401299463481465,0.0
2016-09-02,0.008600148563638665,-0.00028173047045809696,0.0
2016-09-05,-0.00047585059189581,0.010368618434742238,0.0
2016-09-06,0.010887681516828618,-0.02798776141973347,0.0
2016-09-07,-0.007087201883054561,0.003148855546899032,0.0
2016-09-08,-0.005706197264027768,0.007119611731090547,0.0005435656628147711
2016-09-09,-0.030995169586400362,-0.015442122122863555,0.0
2016-09-12,0.003927349181498396,0.0,0.0
2016-09-13,-0.003927349181498396,-0.00984672694464983,0.0
2016-09-14,-0.020875509564150185,-0.014658696681129513,0.06856800293354759
2016-09-15,0.034068957719430415,-0.008601655607937353,0.0
2016-09-19,-0.006819364147911511,-0.004478308038531775,0.0
2016-09-20,-0.019245548839377236,0.024824087262491634,0.0
2016-09-21,0.019245548839377236,-0.007029877048459809,0.0
2016-09-22,-0.0029368107974532265,0.014010679711806251,-0.0018902362215991175
2016-09-23,-0.010347418995955593,-0.0005798457534895718,0.0
2016-09-26,0.0004951720578931784,0.0002900306241726547,0.0
2016-09-27,0.012789057735515641,0.014964122327961071,0.0
2016-09-28,0.016961880704097876,-0.004293649381406528,0.0
2016-09-29,-0.030246110497506695,0.003150659073120732,0.0
2016-09-30,0.004447746178430911,-0.0020038041891194958,0.0
2016-10-03,-0.001974383613381203,0.01985869407888652,0.0
2016-10-04,0.03256666902127758,0.004484379251678661,0.0
2016-10-05,-0.007199455142854472,0.027852287103904416,0.0
2016-10-06,-0.0033775182077095955,-0.008466548025493292,-0.05021029391342058
2016-10-07,0.0033775182077095955,-0.00522477315570713,-0.021764651531283263
2016-10-10,0.01387245432476325,0.008237439844942074,0.0
2016-10-11,-0.01098644943562821,0.0,-0.032009072942956074
2016-10-12,0.0028776519348938656,0.006541134234597568,0.005998821374581631
2016-10-13,-0.016904435381669636,-0.022528253544529253,0.011104760790330737
2016-10-14,-0.028658086278862793,0.02740646886382425,0.0
2016-10-17,0.016899009661900166,0.012626083540448807,0.0
2016-10-18,0.016618075486977357,-0.004280433730527111,-0.013568745349402889
2016-10-19,0.013002880360703184,0.021220939772319536,0.001559848957131571
2016-10-20,-0.026176918172530872,-0.017741787602398418,0.013163320992446437
2016-10-21,0.013174037811827688,0.01563987089942387,0.0
2016-10-24,-0.009252464350880452,0.0036755713250262723,0.0
2016-10-25,0.010705649432311226,-0.02790152574397542,0.0
2016-10-26,-0.0082625014406843,0.015508403860787556,0.0
2016-10-27,0.026488473147216585,-0.014700337661994745,0.0
2016-10-28,0.02441426426058113,-0.027847692033871052,0.01979503786707415
2016-10-31,0.04755263085948913,0.0321465571846824,7.5817943203659866e-06
2016-11-01,0.04073344748148555,-0.031593062941407624,0.0
2016-11-03,0.0067710799014357725,-0.02323404329573453,0.005490335560055293
2016-11-04,0.040096341136170555,-0.016562288907181255,0.0
2016-11-07,0.017671182371727046,0.0370255722046724,0.0
2016-11-08,-0.007191401060793634,-0.0005552506447181749,0.0
2016-11-09,-0.03883590349651733,0.0013872661862017743,0.04881503023147005
2016-11-10,-0.02234027625202062,-0.10576094899268584,0.0
2016-11-11,0.01396856574975125,-0.03257421968796326,0.06899280132678243
2016-11-14,0.009621450302503831,-0.0012742198969601937,0.0
2016-11-15,0.014055667240760794,0.05488876321586078,-0.06899280132678243
2016-11-16,0.004505352695614029,0.009311002095443666,0.03440140043750706
2016-11-17,-0.034084721650270655,-0.03746444775448676,-0.031035663278084158
2016-11-18,-0.0021164029063771572,-0.0015530902717655337,0.0
2016-11-22,-0.005949911431982091,0.005579648288768002,0.02836137756932544
2016-11-23,-0.024596710322307924,0.015337803382600601,0.00927764908781814
2016-11-24,-0.0021867054894650906,-0.012559505845904262,0.0
2016-11-25,0.007415519259465153,-0.0030873418902790384,0.008397519815252608
2016-11-28,-0.011363758650315248,-0.01589571085393171,0.0004078326526437692
2016-11-29,-0.009273592419758003,0.007511812680108587,0.0014260234101737268
2016-11-30,-0.024703748410531468,0.009311024952723734,-0.014766558028867394
2016-12-01,-0.01696894610214006,0.006466522017594567,0.0048233585890784525
2016-12-02,0.014236703965266884,-0.02738186913455598,0.0
2016-12-05,0.03186264673557293,-0.012698627313207478,0.0
2016-12-06,0.0017652696941814483,-0.01383324975402811,-0.025700725082448805
2016-12-07,0.00877964394575148,0.020837457702833184,0.022605610383243935
2016-12-08,-0.029270383598320127,-0.0038143383179152224,-0.01176091771392862
2016-12-09,0.004938326645083979,0.007930170716410778,0.0
2016-12-13,0.021706278581862914,0.04720914964075762,0.013684740226045378
2016-12-14,-0.021258550792874864,-0.006349145875291118,0.0
2016-12-15,0.008025009630435065,0.0066504699669289735,0.015644469270163164
2016-12-16,0.0035461030067507338,-0.017936401557617998,0.0
2016-12-19,-0.026907452919924246,-0.024217105273231176,-0.013450145242104306
2016-12-20,-0.014652276786870644,0.0065777852213648735,0.020326141273891096
2016-12-21,-0.012532073969854007,-0.011934752122911174,0.0
2016-12-22,0.012070712946676387,0.008494682853265267,-0.015584049078577245
2016-12-23,-0.013472956724054352,-0.008178758882767312,0.0002455947576489592
2016-12-26,-0.005628485910411651,0.01005665940045919,0.0
2016-12-27,0.0009403385521218333,0.0024984767178914957,-0.02571482684838422
2016-12-28,-0.00802080223478141,0.01547536837374519,0.006794805651802349
2016-12-29,0.009429489953056702,0.026967312932440812,0.0
2016-12-30,0.009806336109384528,-0.0020948864892020858,0.0
2017-01-02,0.0,0.0,0.0
2017-01-03,-0.0009298001599664651,-0.0054071137139741765,-0.013143420917410609
2017-01-04,-0.03021943762235324,-0.0015071431747619712,0.0457362665924288
2017-01-05,0.006688940212159267,0.006314847853642114,-0.0003363768414184065
2017-01-06,-0.006209668718646366,0.0008987921888823358,-0.023474430586957418
2017-01-09,-0.035108480612084936,-0.01569593990660101,0.0
2017-01-10,0.011349690334172546,-0.005491239600938336,0.022801831826011032
2017-01-11,-0.020322881374254198,-0.014171499393579534,0.009376929921429245
2017-01-12,-0.0141201539143756,-0.00903854120536085,-0.010050063858187741
2017-01-13,0.025571710473873743,-0.003449921503105191,-0.02454122677726911
2017-01-16,0.0024721396404401297,-0.0003141295484896389,0.0
2017-01-17,-0.0019773116174750527,-0.04040315627877611,0.0238673918125496
2017-01-18,-0.0481470755650939,-0.023842129108688326,0.006716117013459311
2017-01-19,0.020046931945290947,-0.012477082358917535,-0.0020103418358292657
2017-01-20,-0.025252565772555968,0.02314378145569984,-0.031337597724021116
2017-01-23,0.028808525921834693,-0.007321131264809377,-0.011414327298312266
2017-01-24,0.005562644067155453,0.002002041735623905,0.004470014829165869
2017-01-25,0.034204077770864316,0.02078249611347127,0.0
2017-01-26,0.010664182498812291,-0.015795007980200282,0.0
2017-01-27,0.006727512320335638,0.011541823726903822,-0.04053169064136597
2017-01-30,0.018035657792085047,-0.01652931186017481,-0.0017143274046684809
2017-01-31,0.028745558936138504,0.014888640036278211,0.0
2017-02-01,0.03104865897950404,0.0006565248299779114,0.0
2017-02-02,0.007503897492945555,-0.003287353400924342,-0.0035172427713314747
2017-02-03,0.006574601954884685,-0.01325836912758227,-0.006616323261400936
2017-02-07,0.009132527250473199,0.005656372006094035,0.0
2017-02-08,0.00043285002985182786,-0.02963181570078266,0.006755158834038433
2017-02-09,0.0008649654518517735,-0.04152005167888939,0.0
2017-02-10,0.02729384836265103,0.022195766760123803,0.0
2017-02-13,0.005454177565362706,0.006944398293622811,0.008533604160476216
2017-02-14,-0.010515343999523363,-0.008688059222093258,0.0016260604609241724
2017-02-15,-0.030045134858403877,-0.012291706165589389,0.0
2017-02-16,0.003479777174678844,-0.0038944820779587275,0.0
2017-02-17,0.035824724990111356,-0.013212188560612681,0.0
2017-02-20,0.010004251425316468,0.013921408918796452,0.0
2017-02-21,-0.006658368059067499,-0.008901674376796453,0.04517350382631591
2017-02-22,-0.010493275275399672,0.006772462275014934,-0.0034565858760311485
2017-02-23,0.008403368602287742,0.005314473821556476,0.0
2017-02-24,0.01577454843999293,-0.048507552443251445,-0.005555578079508017
2017-02-27,0.009836103690552545,-0.0202329157626,0.0
2017-02-28,-0.060089487701606714,0.0018906969523029282,-0.015438925213062227
2017-03-01,0.011625577401840559,0.03635413412222066,-0.010893689678967533
2017-03-02,-0.027779650929379063,-0.010252709824964512,0.007635085679245535
2017-03-03,0.018317128711452302,0.003673734230279724,-0.026894300699539464
2017-03-06,0.007748682931973949,0.017448696037363653,0.0
2017-03-07,-0.02386748140664352,0.006107380667676132,-0.007682799620256198
2017-03-08,0.003944822035547357,-0.018435318397744815,0.005364221000599301
2017-03-09,-0.00043758477098165827,-0.011005295701362439,0.004986341476493905
2017-03-10,0.012611561210103872,0.00661775881821125,0.0
2017-03-13,-0.011299555745015066,-0.008463779919488434,0.0055475716415562815
2017-03-14,-0.002625778371373233,0.01576566930290113,0.0
2017-03-15,0.019097802656589113,0.02974600659456872,0.0
2017-03-16,-0.005172468540200814,0.005282576125782423,0.0
2017-03-17,0.038156472714026,0.01982336088059622,0.0
2017-03-21,-0.0020820744127405533,0.04642608794534642,-0.034355428757335105
2017-03-22,-0.0138512183013626,0.004264420030497096,-0.004951917277602469
2017-03-23,0.0,-0.005251156497849241,-0.00026339376457151786
2017-03-24,-0.02006466416076602,-0.012249694844864045,0.0
2017-03-27,-0.004321571023070625,0.02402609024583313,0.0
2017-03-28,-0.010886238578594387,0.007451900672646339,-0.01071051962406333
2017-03-29,-0.023478421166318597,0.032706485895879656,0.014652506953169997
2017-03-30,-0.006294939993270798,-0.010047186893079374,0.0
2017-03-31,0.008086297431357803,-0.027188661617502774,0.016794673561854268
2017-04-03,0.0,-0.015028024794388362,0.0
2017-04-04,-0.020339684237122846,0.028874747779549903,0.0
2017-04-05,0.0,-0.02493248437462059,0.0
2017-04-06,0.012253386805765043,-0.013533857569858476,0.0
2017-04-07,-0.0104285232022856,0.028180090185562,0.0
2017-04-10,0.009074381687436794,-0.013663127459117241,0.0
2017-04-11,-0.007708041233466911,0.005878494391545974,0.0
2017-04-12,-0.03238021166775873,-0.021392945241675232,0.0
2017-04-17,-0.007077123025601484,-0.00935840115230624,0.0
2017-04-18,-0.05298930658370615,0.02552773127424457,0.0
2017-04-19,-0.002499426382430503,-0.01185394919799343,0.029050718288502253
2017-04-20,0.047884038522509,0.021950061576600177,-0.04914809205150661
2017-04-21,-0.0009545585450352334,-0.004221418268381072,0.0
2017-04-24,0.01045135379221751,0.04112130285012139,0.0
2017-04-25,0.009875509135528038,-0.01637320823323929,0.0630029927349467
2017-04-26,-0.013189121634943568,0.008849656961880115,0.0
2017-04-27,0.1284211551086849,0.006898746104326836,0.013192036371051152
2017-04-28,-0.009637619118717744,-0.01384545162049955,0.0
2017-05-02,-0.008881386167637118,-0.0015854513722626251,0.0
2017-05-03,-0.0025521493531175388,-0.0031786801901110273,-0.0073425424759472335
2017-05-04,-0.0064089089265571,-0.009596972300059736,0.013385683630824374
2017-05-05,0.023719833445860594,0.012458152416725987,0.007410003507077434
2017-05-08,-0.020296637976379817,-0.00031742095972786544,0.003609330510341735
2017-05-09,0.0004270766667517911,0.013875873313626386,-0.013779462759271333
2017-05-10,0.02529645848226636,-0.012923660849750718,0.014133758351143832
2017-05-11,-0.0012497398002344617,0.022275391556997537,-0.011247986973327073
2017-05-12,-0.0004169272522349665,-0.02291018306114534,-0.014140071082213268
2017-05-15,0.0008336807485775921,0.00664460085688745,0.018515041966139734
2017-05-16,-0.020202707317519497,-0.016534495685108563,-0.01810764593338199
2017-05-17,-0.026277626565021972,-0.006110311306898986,0.0
2017-05-18,-0.015395114161788293,-0.005174805630923984,0.05200912966460525
2017-05-19,0.03141628351494674,0.004852081340776415,0.0
2017-05-22,-0.009928939759854316,-0.017906882826433712,0.0
2017-05-23,0.002166891469039367,0.028818459110435235,-0.02020245021173217
2017-05-24,-0.0026007382972803583,0.007631094445720965,0.0
2017-05-25,0.025708271006244843,-0.005080920421121071,0.0
2017-05-26,-0.011059236964390262,-0.011527585492896453,-0.017457645504433295
2017-05-29,0.0004276245704515347,0.01470626568300748,0.0
2017-05-30,-0.015510780588556816,-0.016317706208564875,0.0
2017-05-31,0.014227443514027716,-0.03245669530237194,0.04429163244120815
2017-06-01,0.0140278596143526,0.00498590595099957,-0.01870404766930811
2017-06-02,-0.023058279850353802,0.00924118223479109,0.0005398014732129752
2017-06-05,0.02179107801799729,0.007201196064408499,0.0
2017-06-06,-0.012332667209573156,-0.012471452760549173,-0.02998374988791319
2017-06-07,-0.0008562072257611852,-0.009290015067835888,0.007270064831655709
2017-06-08,0.006828878437072028,-0.02942892600881475,0.0
2017-06-09,-0.008114501069686586,-0.012435244842157633,0.0
2017-06-12,-0.011645635423583212,0.008996566548658436,0.0
2017-06-13,-0.003912198161350577,0.0054964101463661486,0.0
2017-06-14,0.0013058108777324051,-0.0010283366439796104,0.0
2017-06-15,-0.01225402669108977,0.0037652928467077906,-0.018591637006357686
2017-06-16,0.012688903845149202,-0.019666048322485086,-0.05772084388792642
2017-06-19,-0.0065430985889358695,0.008673067135555712,0.00963320813025792
2017-06-20,0.0013120054650888058,-0.006236951710823391,0.010395696970160628
2017-06-21,0.0013103736601016713,-0.03321870276596606,0.0071484790680829136
2017-06-22,0.005658382765063141,0.011077584238200266,0.0
2017-06-23,0.0004338468282409913,0.008492465076399558,-0.023387265730731244
2017-06-26,0.0013007155811903814,0.02264522000002467,0.0
2017-06-27,0.014623916529672432,-0.022292781272732043,0.0
2017-06-28,0.013571031011950563,-0.0035779841769989496,0.0
2017-06-29,-0.008460244868508493,-0.01881385304700789,0.0
2017-06-30,-0.0076759435447688595,-0.005493476893042359,0.019037235488616133
2017-07-03,0.00299205175145989,-0.0036791830711981888,0.0
2017-07-04,-0.005563934866505527,0.002576939180710003,0.0
2017-07-05,0.0025718831150456367,0.0014693613427883,0.0043500302421151105
2017-07-06,0.0004279905724229316,-0.017404480643192777,0.0
2017-07-07,-0.0004279905724229316,-0.005994760209306449,0.0
2017-07-10,-0.012058759128345642,-0.0022574484147583895,-0.04142599868032715
2017-07-11,-0.016161129555898324,-0.009080677310399743,-0.003935199497240305
2017-07-12,0.01572776010166166,0.05076116743318915,-7.587217757976106e-05
2017-07-13,0.005188122203812373,0.004325740331004191,0.0
2017-07-14,0.0051612157581475415,0.0032321998283744158,0.0
2017-07-17,0.0,0.005720379478403093,0.0
2017-07-18,0.011516484961602735,-0.007514707056574643,0.0
2017-07-19,-0.007662872745568983,0.016387966827899447,0.0
2017-07-20,0.02323234324692125,-0.008160492749052395,0.009945216436608284
2017-07-21,-0.0012534365281458015,-0.017610469293885433,-0.009945216436608284
2017-07-24,0.03491831441883697,0.005784571653944859,0.032858448538096496
2017-07-25,-0.003234899641953337,0.016801131881383657,0.0
2017-07-26,-0.066998720492911,-0.005688001263715492,0.0
2017-07-27,0.03364162328194986,-0.017623015553391852,0.030454415689794345
2017-07-28,0.001255534821879678,-0.00911259934908104,0.0
2017-07-31,-0.043596691192958836,-0.008826855778710119,0.015615170777705245
2017-08-01,-0.022979270072510438,0.0022140496643712204,0.0
2017-08-02,-0.008529838282543167,-0.012238241060320565,0.0
2017-08-03,0.004498478020164676,-0.012767714202323255,0.0
2017-08-04,0.024386000599318614,0.0015105924143750116,0.0
2017-08-07,-0.0026315804660561604,0.0015083139663061296,0.0
2017-08-08,-0.027155018196565184,-0.0037749746077011537,0.0
2017-08-09,0.008537459180494977,-0.007974337858425606,0.0003574688876311072
2017-08-10,-0.0031368611171922467,-0.0042023903910402005,0.0
2017-08-11,0.013375098779130123,-0.002683761380437133,0.0
2017-08-14,-0.005773899989823583,0.003066434130896578,0.0014004987778530875
2017-08-15,0.011074309808527083,-0.002682475843182708,0.0
2017-08-16,0.02350996344349099,-0.0015360311586118947,0.00222966640001232
2017-08-17,-0.00994602793643562,0.0026865938416107404,-0.012428525032045279
2017-08-18,-0.0013046316266649427,-0.003071056518729076,0.0
2017-08-21,-0.010498784098219804,0.02243017162764538,0.0
2017-08-22,0.0008791209357403851,-0.005277078222706066,0.0
2017-08-23,0.003070851283573983,0.007154972602304355,0.0
2017-08-24,0.003498035923700016,0.027023642624580013,-0.018192128075543046
2017-08-25,-0.014951905635959939,0.004009550837498654,-0.0021186124349465985
2017-08-28,-0.01562885162246186,-0.012077000938834903,0.0032193781740916805
2017-08-29,0.016957167071257828,0.004041921980938223,0.0
2017-08-30,0.007493973797407794,0.0036603698497530424,0.0053864318661203114
2017-08-31,0.006129616389756176,0.0021896856873322434,0.0
2017-09-01,-0.006568887207273999,-0.0007294033913569642,0.0
2017-09-04,-0.012823567564676175,-0.006588600918372656,0.0
2017-09-05,0.0017786132251869091,0.0043973974705280305,0.0225753947437779
2017-09-06,0.011044954339489266,0.002191203447844625,0.0
2017-09-07,0.0013172778783561157,-0.0007298541902733824,0.0
2017-09-08,-0.00263624927203443,0.009086022490025325,-0.02231062441334508
2017-09-11,0.0021973640527392924,-0.0003619654191253652,-0.0031729273619358622
2017-09-12,-0.0013178565202318637,0.008289868593408745,0.0
2017-09-13,0.002195346703785628,0.008577630889806453,0.0
2017-09-14,0.010037265153471697,0.0035523647883235476,0.0
2017-09-15,-0.020619374950600733,0.006010323144141072,0.0
2017-09-18,0.0030980331526997418,0.0073749528791839936,0.02670647504845558
2017-09-19,0.005728193801814552,-0.0010502685097750764,-0.00881138589250785
2017-09-20,-0.0008791209357403851,0.0059367037382136445,0.0019922136300811744
2017-09-21,-0.01194444662893579,0.0003481913696172789,0.003727190746462661
2017-09-22,-0.009839033081204818,-0.001044743298459494,-0.012733867030976675
2017-09-25,0.012505790217166801,0.010743468695387559,0.0
2017-09-26,0.011474088307070307,-0.0010346929506366287,0.012110099330304713
2017-09-27,-0.0017567417395270013,0.0020683549089270947,0.0
2017-09-28,0.02474621608533223,0.007547142545420105,0.0
2017-09-29,0.0025695517900303777,0.008507838166179837,0.0
2017-10-02,0.012327510253570484,-0.0027146971749916204,0.0
2017-10-03,0.0021101084451151664,-0.014718659964807035,0.011917111483588982
2017-10-04,-0.006768215632444452,-0.009702202296637097,0.000907143591824422
2017-10-05,-0.009381689480153277,-0.023248554938589017,0.010061128316090517
2017-10-06,0.0,-0.03776778843455286,0.0
2017-10-09,0.008107618379797898,-0.005566872878029372,0.01400292694685401
2017-10-10,-0.005112963735388387,0.0033437582307422886,0.06948832736581156
2017-10-11,-0.004709963849620635,-0.02250651179720231,0.016670849184897918
2017-10-12,-0.027410853133761126,0.0,0.0015671163442938507
2017-10-13,-0.0017660490631219439,-0.025356634476134676,0.015537555783326162
2017-10-16,0.003528896627684741,-0.05889964955105986,-0.006934395284837969
2017-10-17,0.05065460739519878,0.012305425973379691,0.005409764229233005
2017-10-18,-0.03666216222498253,0.0,-0.005201171807501126
2017-10-19,-0.01179314799608644,0.0012223279427403533,-0.001842181222431627
2017-10-20,0.00961966316247942,-0.02933493628422701,0.014037369852359483
2017-10-23,-0.03228226380836041,-0.035855264648444685,0.026907450182068082
2017-10-24,-0.010390877317715486,-0.025975575888181446,0.0022511428586744486
2017-10-25,-0.024363420640114875,-0.05925955251138326,-0.010723619887261115
2017-10-26,0.005568506139247198,-0.11471162461714712,0.0
2017-10-27,0.027836522413316356,0.04107673983530313,0.0043341684209465825
2017-10-30,0.0013492694052668064,0.0030519778294655353,-0.011020098529121114
2017-10-31,0.005378811592514854,-0.013807394475717771,0.0008978831894070893
2017-11-01,-0.000894499145186245,0.0,0.0
2017-11-03,-0.008537459180494977,0.01735615162559645,0.025407548632786714
2017-11-06,0.006297771743939862,0.017557636807290944,0.0
2017-11-07,0.007594408070431324,-0.015030409936121814,-0.01410117958044843
2017-11-08,-0.012088707770176121,-0.02608176161295228,0.0
2017-11-09,0.012978432047946242,-0.01094044303445818,0.0
2017-11-10,-0.023848194867236217,-0.047743042882784525,0.0
2017-11-13,0.001365233462681914,0.0120152756360965,0.033932429944322884
2017-11-14,0.015790989074384587,0.0010853216317481262,0.0
2017-11-15,0.008469005188361578,0.003788802648188483,0.017952397466743264
2017-11-16,-0.005340511016580507,-0.005417014633185335,0.0578447022974613
2017-11-17,-0.0085145486058531,-0.004354924483160882,-0.02768613151489241
2017-11-21,0.03319623395897775,0.02372071090514094,-0.007935385178109655
2017-11-22,-0.04907309275254779,-0.02645226991274674,0.0
2017-11-23,0.012270001699958843,0.0016398428204031923,0.0
2017-11-24,-0.027010111967328054,-0.007675506717799596,0.0
2017-11-27,-0.001857826866404455,-0.0033075884331172922,-0.019418257328080557
2017-11-28,0.02070462782434923,0.020101121591909354,0.0
2017-11-29,0.03929081368382148,-0.009075416606965536,0.0
2017-11-30,-0.03384116337891507,-0.025975637407610552,0.017746518010736345
2017-12-01,0.0,-0.0082207722672476,0.0
2017-12-04,-0.010929070532190277,-0.02205753560422563,-0.001079375532701654
2017-12-05,0.0,0.009598256736055077,0.005494481248597971
2017-12-06,-0.04303751167998193,0.0017894019449768983,-0.00502081722982517
2017-12-07,-0.013959360586660363,-0.0011925787860227466,0.014980745431872222
2017-12-08,0.01967915678796306,-0.007185817006595929,0.009317550195281576
2017-12-11,-0.0019029976746018917,-0.03050873425673073,-0.011898508028018284
2017-12-13,-0.0009528347552718586,-0.010588593131234614,0.0
2017-12-14,-0.01924987256224764,0.0018767172469638105,0.02259372999424958
2017-12-15,0.013993038598873131,0.022250697338992875,-0.013926248510252925
2017-12-18,-0.0028791766530549268,-0.0036743364131663903,0.006987366340415413
2017-12-19,0.0028791766530549268,-0.0006136054726555429,0.015940921124757423
2017-12-20,-0.021308360175245955,-0.012353510862608719,0.0
2017-12-21,-0.008849615276982359,-0.009993810122935987,0.0
2017-12-22,0.0009871669113601378,0.013096441416644566,0.02498826675828436
2017-12-26,0.00884097092465641,-0.011214949045466938,0.01175582218095439
2017-12-27,0.014081271412816232,0.011214949045466938,-0.013438594644474833
2017-12-28,-0.006773127005845758,0.0037106937127879824,0.007322231492428166
2017-12-29,-0.003891055492966533,0.011660082126542903,-0.0030720168223021815
2018-01-02,0.022169582665582332,-0.002443505287145431,0.0
2018-01-03,0.03604415456654175,-0.013547027183097526,-0.023930289422338547
2018-01-04,-0.03271324491224181,0.064809786627269,0.0032040367127130764
2018-01-05,0.003319993564093071,0.009829410041969133,0.0
2018-01-08,0.016436059127526104,-0.02210664684170771,0.016100049877035616
2018-01-09,0.006036749376049144,0.0005880489400458266,-0.0005152897944684653
2018-01-10,-0.05324451451881229,-0.008264447651683327,-0.007762020015598559
2018-01-11,0.011167826950332138,0.005320612487562215,0.0
2018-01-12,0.016283885500811834,-0.006506952271991828,0.0
2018-01-15,-0.01387245432476325,0.00945078743611294,0.0
2018-01-16,0.009587753445228664,-0.0005880489400458266,0.0
2018-01-17,0.01702978755472717,0.0029366671041408665,-0.0026007650603743215
2018-01-18,0.00794211135677525,-0.004113866500247365,0.0294424136975886
2018-01-19,-0.017367204467874764,-0.004130987041599532,-0.01563199341450261
2018-01-22,0.015504185807527548,-0.007717476709562909,0.011897962648160565
2018-01-23,0.0018630186603472154,0.00653388133699595,0.01360744969392158
2018-01-24,0.005568506139247198,-0.005938061054376664,-0.01971752197539889
2018-01-25,0.007835946624829226,-0.016817215089801607,0.004586065904264913
2018-01-26,0.032078602552728874,0.025120941087621418,0.0060821382820090975
2018-01-29,-0.03714195042295643,-0.019082283910972553,0.01962912192827382
2018-01-30,-0.029503380150242897,0.015532002066164896,-0.0006095762537849936
2018-01-31,-0.028442504009460023,0.0,-0.004631403493601027
2018-02-01,0.005364460560266071,-0.010727297461028407,-0.024035436100886542
2018-02-02,-0.007812491098660335,-0.026716806974713236,-0.02061922091604451
2018-02-06,-0.023308766625467214,-0.016129347089959722,-0.021053470216778614
2018-02-07,0.006501598458636071,0.012430290296937319,0.0434823511535356
2018-02-08,0.003980104954642627,-0.033284125424973166,0.0
2018-02-09,0.005446955914566232,-0.012853560583327983,-0.0541775731197669
2018-02-12,-0.008928630744301724,0.007731958676414408,-0.0002741632422864626
2018-02-13,0.0044742803949211485,-0.007731958676414408,0.0
2018-02-14,0.0,-0.013021068617063758,0.016380275245550635
2018-02-15,0.000991571722295248,0.01624992892630006,0.018243345240120057
2018-02-16,0.006421311430000021,0.01915771584393422,0.007246464043583423
2018-02-19,-0.0009851232323785375,0.0031574929928379625,0.0
2018-02-20,-0.021420494153591818,-0.01013947657467762,-0.09401603948530202
2018-02-21,-0.046376264885234164,0.014543418764108917,-0.002882326503765853
2018-02-22,0.027570069435210787,0.0056338233855766084,-0.017152655121442706
2018-02-23,-0.007209094043678199,0.012407024010670842,-0.002604620556093451
2018-02-26,0.04644954098811738,-0.019297167645924596,0.005951629837589678
2018-02-27,-0.027001640429384466,-0.03583237551077412,-0.0033123443987097545
2018-02-28,0.03290421550818978,0.0032520310809442954,-0.017333850744714496
2018-03-01,-0.023320283386261575,-0.0026007224596384937,-0.021598027652400376
2018-03-02,0.01098358548152989,0.02125676901079876,0.011935799458881569
2018-03-05,-0.042084792984199204,-0.044306890257155285,0.006516811206117801
2018-03-06,-0.0041514850530943725,-0.009370886949263468,-0.016537259098764245
2018-03-07,-0.014140115516430019,-0.015588260157288314,-0.013399060018461917
2018-03-08,0.013099480639984673,-0.008919459238146743,1.2052612328616874e-05
2018-03-09,0.018055688757682375,0.019113213920166405,0.0028235024539879916
2018-03-12,0.018237638674526657,-0.013614896116262987,-0.004649453085835198
2018-03-13,0.008000042667076102,-0.04485680831504091,0.0008950730152852415
2018-03-14,-0.032906031434179805,-0.035014500398859116,-0.004862799173349863
2018-03-15,-0.005159970169108963,-0.02328309667728279,0.0024434996703632805
2018-03-16,0.018960393285123445,-0.0030441545427706274,0.029221160773569288
2018-03-20,0.008592420385487465,0.0045627231308786875,-0.023441656335859484
2018-03-21,-0.0045397301401686185,0.051027654383732024,0.024004386088868124
2018-03-22,-0.010162739648317487,-0.017454981761279242,-0.038239257152866024
2018-03-23,0.015205513824251504,-0.013294074617775209,-0.023470360712694927
2018-03-26,-0.0020140490698890012,-0.018004979132302257,0.007843067647471003
2018-03-27,0.0030196298737199534,0.0075415036363044585,-0.002503058564320426
2018-03-28,-0.010101045225083816,-0.0037636425503624338,0.0037523946185151758
2018-04-02,0.0005073839235971711,-0.03843665365384119,-0.025733987666995972
2018-04-03,0.03047955228132082,0.017864478307249243,0.002705399597615177
2018-04-04,-0.0054281407752077016,0.056858981913805895,0.0
2018-04-05,-0.003469644297091179,0.031498641087790435,0.02477487309311499
2018-04-06,-0.006475689042340083,0.06281931948937469,-0.0061255012851964
2018-04-09,0.001996955281623247,-0.033650651560887646,0.0
2018-04-10,-0.0075093721468184604,0.010214726056593015,-0.009132413384396187
2018-04-11,0.009004563093081508,-0.008163343361083708,-0.0034859190080789304
2018-04-12,0.002983542814453788,0.033582766253335006,-0.008160390470273171
2018-04-13,0.0004964507547096098,-0.015308127015935646,-0.013364916589032383
2018-04-16,-0.000993098418091698,-0.0053799942359908925,0.014970427857583957
2018-04-17,-0.005479416087525557,0.040956904799338556,0.013514684254546161
2018-04-18,0.0029925209364538574,0.006451626362955487,0.0
2018-04-19,-0.023684603620884204,-0.0313546105344602,0.011908597723761183
2018-04-20,-0.005625225632943209,0.005954373437471183,0.0037313164910219854
2018-04-23,-0.02020265498889673,0.008538655856992872,0.013992320263559677
2018-04-24,-0.006299285756609763,-0.008538655856992872,-0.011822061448786059
2018-04-25,0.0057758102283900215,-0.020660543470675474,0.021095160955301395
2018-04-26,-0.021699660080566563,-0.013559584200868002,0.006847610116879288
2018-04-27,-0.030420705362457667,-0.014438316400434914,-0.0122719520623491
2018-04-30,0.003304077895730284,0.0347093260205793,0.008591094524646792
2018-05-02,-0.004407720391858216,0.002004704132514412,-0.019485562480364038
2018-05-03,-0.012222485489955304,0.016551095700066742,0.014971684862345569
2018-05-04,-0.022040960694008405,-0.007910351982517216,0.025955163709975082
2018-05-07,-0.00688081862962342,-0.022758591029985453,-0.011904924236994852
2018-05-08,-0.010410620340904675,-0.01707121023469016,0.0029895259293279963
2018-05-09,-0.006415944831441145,-0.005524972605967626,-0.031450624428439156
2018-05-10,0.0005849663811150485,0.03671403015309371,-0.017544591380463714
2018-05-11,-0.011764841579586793,-0.029812626097183603,0.013406859314811115
2018-05-14,-0.03125260455416701,-0.011760727200554655,0.024198677995999063
2018-05-15,-0.003057110392486795,-0.004883201352850364,0.003918540837010376
2018-05-16,0.012173065346624767,-0.020488165847687867,0.011623156273037338
2018-05-17,-0.017084063553252093,-0.015102733109856992,-0.002042146290229141
2018-05-18,-0.0357068938534848,0.007939387931918951,-0.006067315584234123
2018-05-21,-0.003833870510721926,-0.010842081466902798,0.0
2018-05-22,0.04872919041861312,0.04892853070460568,-0.001710161401319077
2018-05-23,0.013926898242390795,0.015791616910634687,-0.0231487573340301
2018-05-24,0.013735778813145139,0.0013614396195977818,0.0009830298854227593
2018-05-25,-0.020372243792856626,0.03869733831739097,-0.007829052923281843
2018-05-28,0.0054332157370655665,0.0006542913667657579,0.0
2018-05-29,0.011373843055504373,-0.011180746644174455,0.00721486638507951
2018-05-30,0.008298921370381684,0.0,0.02517940447375011
2018-05-31,-0.0023641263267561996,-0.0033122826502895997,-0.012662218297166739
2018-06-01,0.0005915409814614137,-0.010673926391842947,0.006652698544540314
2018-06-04,-0.004742154707774393,-0.0033590849418261293,0.02910802081867825
2018-06-05,-0.0338400869717681,0.03309371405733508,0.00583776097834221
2018-06-06,0.03265096670117629,-0.003913949922549342,0.0011634164518063983
2018-06-07,-0.00836319116941997,0.01749317566118025,0.015924896185220305
2018-06-08,-0.004810592560349658,0.03781170395555877,-0.01650654217782499
2018-06-11,0.001204879627544564,0.03105266876542423,0.008941785459535723
2018-06-12,0.0030056529087989503,0.030699046934776764,-0.008360139466931038
2018-06-13,-0.0006004203122440543,-0.028303826528483622,0.013857070014868356
2018-06-14,0.023739928652044995,-0.004796256053386294,0.0005733805520478086
2018-06-15,-0.017155050024560747,0.0024010356470931526,-0.01002154325015514
2018-06-18,-0.0011940299926078701,0.0017969689695420676,-0.004408907316761024
2018-06-19,-0.015046928489821365,-0.026069907326340847,-0.003494461666911697
2018-06-20,0.007250847258390092,0.006733944292305782,-0.005264731988887661
2018-06-21,0.009586592005219607,0.006688966362558002,0.0006566073988754084
2018-06-22,-0.005980879072414513,0.019208350842724986,-0.0006566073988754084
2018-06-25,0.0023965860001933237,0.017678754637987293,0.0017580162256507492
2018-06-26,-0.003597066336443522,0.0269121495474951,0.004200666931231112
2018-06-27,0.017267531829331162,-0.006984832609756353,0.018376247012432678
2018-06-28,-0.019672764425886058,0.001167470805827353,-0.027189393043680177
2018-06-29,-0.001204879627544564,0.02477795241305003,0.004026745415137256
2018-07-02,-0.020707195426606706,0.031375140799303036,-0.010600706947581529
2018-07-03,0.001844513223707267,0.04634454373799857,-0.022149917511343098
2018-07-04,-0.0012293178797890825,-0.008461218514252078,0.0
2018-07-05,0.02490259264303818,0.035475881631164,-0.01796937773482643
2018-07-06,0.011333315122985965,0.004092041051209083,-0.010893604066248841
2018-07-09,-0.006545753614613403,0.0005102761859259175,0.027590859912192123
2018-07-10,-0.001792710423134114,-0.007168534193808362,-0.0014556885856116253
2018-07-11,0.03236534431064575,0.012765146644890812,-0.004562678573439172
2018-07-12,-0.040170787956233855,-0.008150816064077748,-0.009791673312225413
2018-07-13,-0.007866969706772586,-0.009249726646461287,0.023658493336957243
2018-07-16,-0.036502599957263016,0.0005159618595396154,-0.014104609584561167
2018-07-17,0.010655130244188626,-0.015076945391451435,0.015967002926807083
2018-07-18,-0.02717393025516568,-0.014776030895051306,-0.0037283353142250064
2018-07-19,-0.020712714586369696,0.02156279180508136,0.007921215383571045
2018-07-20,0.007817629391053682,0.024159492466683474,0.0029842391879748575
2018-07-23,0.0064683278564228175,0.003548874787469014,-0.007177119257320896
2018-07-24,0.008985939797714781,0.025482200261449872,-0.005446946046399503
2018-07-25,0.0,-0.005441469202782212,-0.011380465704010412
2018-07-26,-0.011568252401187085,-0.011474312167284673,0.005357334984026352
2018-07-27,-0.001293661241220434,0.015928571296432992,-0.00670118353125293
2018-07-30,-0.009756174945364737,-0.0124224629511831,0.001954173935549086
2018-07-31,-0.02850706792632618,0.006975604558992821,0.006566879081365329
2018-08-01,-0.05246199460734102,0.008897760722266224,0.0
2018-08-02,-0.025117933359525058,0.0019666547712309246,-0.002001904797564791
2018-08-03,0.06472019068117207,0.0009816727638169986,0.014648871322595625
2018-08-06,0.02356218057851356,-0.004918754090940336,-0.006604618541870444
2018-08-07,0.02106727026832278,-0.013403068092310289,0.0
2018-08-08,-0.012455093818980245,0.009450580836017242,0.0012039685720743876
2018-08-09,-0.0033036039295777364,0.003459221555743408,0.00031301512127601683
2018-08-10,0.0019834717246549616,-0.018422170518722414,0.0
2018-08-13,0.03313066897685912,0.003511384619914182,0.036045248646099814
2018-08-14,0.0012771393817674337,-0.0010019425937444204,0.0036382193783639494
2018-08-15,0.020840665871851627,-0.011088937014696043,0.0015716531715375126
2018-08-16,0.011187189390564622,-0.003045660843615572,0.08008352783229622
2018-08-17,0.015333020418831111,-0.005607971943248025,0.0
2018-08-20,0.012700443247729787,-0.0015347986459519625,0.0
2018-08-21,0.04580959612745028,0.009174294756882695,-0.047703637737061655
2018-08-22,0.004010317606153446,-0.006617478973524715,0.004573162968982025
2018-08-23,-0.027827882622740052,0.0061099447334487245,0.0
2018-08-24,-0.021391189981317726,-0.001523989927606717,0.0
2018-08-27,0.004195331421488646,-0.03255253217762233,0.0
2018-08-28,-0.004195331421488646,0.005238310265115231,0.0
2018-08-29,-0.02801638697038822,0.034911104729046016,0.0
2018-08-30,0.00922225997579229,-0.010142038630174266,0.021359500216182603
2018-08-31,0.012165660623178809,-0.01282386272922098,0.0
2018-09-03,0.004223233774862223,-0.004138722285158547,0.0
2018-09-04,-0.01211407872789838,-0.015674327809431787,0.008136728302987173
2018-09-05,-0.00611254978115694,-0.02344280896055917,0.0
2018-09-06,0.007330576728334481,-0.022350319710948696,0.0
2018-09-07,0.009691172153176275,-0.001655100224845718,0.0
2018-09-10,0.022646916116261018,0.05688228761249281,0.0
2018-09-11,0.0029421028266138904,-0.01736435542852055,0.0
2018-09-12,0.007025731681346681,-0.0053220013804948785,0.0
2018-09-13,0.00407569729111934,0.03409716831151943,0.0
2018-09-14,0.012702307414235392,0.017889675186329335,0.0
2018-09-17,-0.0005738881075725288,-0.013258832852962588,0.0
2018-09-18,-0.0005742176442593561,-0.004115195907883784,0.0
2018-09-19,0.002294952174927367,-0.004649982888908166,0.0
2018-09-20,-0.012687655415186683,-0.0036316191480163518,0.0
2018-09-21,-0.012850644132067934,-0.027398952961122713,0.0
2018-09-24,-0.023796422577872622,-0.006968663823795129,0.0
2018-09-25,0.010182776803916216,0.0005377742173742206,0.0
2018-09-26,0.0035692481803666354,0.01494150415750406,0.0
2018-09-27,-0.004165432979063244,0.0021164398325690392,0.0
2018-09-28,-0.02292024409219362,0.0036929839702688483,0.0
2018-10-01,-0.02721250251207019,-0.006339220482251218,-0.05268759012013202
2018-10-02,0.03390155167568132,-0.010655363879588986,0.02057286218827059
2018-10-03,-0.028898351902043373,0.007470620029467412,-0.007559844855135722
2018-10-04,-0.003124088666362823,0.0015936676199914679,0.011735208982500467
2018-10-05,-0.02599195449222158,-0.040070318927198034,-0.01680709051132112
2018-10-08,-0.014882189906797016,-0.00776492359826797,0.007317698204657219
2018-10-09,0.009730858489667149,0.00776492359826797,0.035536059563846756
2018-10-10,-0.009079180395571207,-0.013908424195218316,-0.004067729424002131
2018-10-11,-0.019073251661458457,-0.005618001750839152,-0.02755004180096421
2018-10-12,-0.020121403199421017,0.03106191727945795,0.00015088302226917705
2018-10-15,-0.0020345886977874983,0.007616944340635978,0.0
2018-10-16,-0.0034002072881693657,0.013993759455741994,0.0
2018-10-17,-0.021343323095436073,0.02324459222359021,0.0
2018-10-18,-0.03685746745758589,-0.029141099674131254,0.021949362995810517
2018-10-19,-0.002892265212147027,0.04468547991080207,0.01086978852193532
2018-10-22,-0.02048352523850383,-0.013979040218162986,0.016086112269452002
2018-10-23,-0.015642777070453917,-0.03339832069285631,-0.00026591410391141324
2018-10-24,-0.0030075210639552985,-0.034552248817527165,0.02547740862585446
2018-10-25,0.031136688785791566,-0.003353860974042,-0.0012456399159699316
2018-10-26,-0.01248639065138235,0.007808113389015325,-0.0039546984793954465
2018-10-29,-0.06725222700916733,-0.056570332657821965,0.041864276010986856
2018-10-30,0.0738820855478366,-0.008264436582178458,0.02469257422185578
2018-10-31,-0.04275116695266368,-0.024603862384909192,0.0
2018-11-01,0.019727498638317797,0.03756034835850652,-0.016317795802565982
2018-11-05,0.08494312392557068,0.07385716969164591,0.015341698964022932
2018-11-06,0.04388149167671207,0.034191455397694526,-0.01007494764011696
2018-11-07,-0.04250218111320647,0.036611408614228846,0.018970930290162613
2018-11-08,-0.08782619417094262,-0.10789531331824298,0.02148252993463373
2018-11-09,0.04199512103660341,-0.05090749787805393,0.018225560928050832
2018-11-12,-0.04727615933821694,0.016480694796017215,-0.008172829496383649
2018-11-13,-0.0835789578855195,-0.041113996768734395,-0.008713077092650678
2018-11-14,0.015504186535965303,-0.0012172748662782062,-0.016021783028336678
2018-11-15,0.004846536142529612,-0.061538611372812024,-0.03442532739471105
2018-11-16,0.029378849732872858,-0.00845526042321243,-0.023660781326593217
2018-11-20,-0.04153951844132342,-0.023794907492864947,-0.022148744239582463
2018-11-21,-0.01727727057140127,-0.05782760247633423,-0.010471283172940105
2018-11-22,-0.028621482327038095,-0.017155531001365354,0.0
2018-11-23,0.06528546669862978,0.030531332590407523,0.021771713332636722
2018-11-26,-0.02675473730881972,-0.029090347189945298,0.01006341497972052
2018-11-27,-0.03597209259948553,-0.052340192369096705,-0.010583605652977113
2018-11-28,0.06990103365630551,0.0806406020517425,0.012310429369396303
2018-11-29,0.0007939659011761968,0.031076000627288547,-0.0013087489254859364
2018-11-30,-0.005571045049455048,0.048193934132295,0.013524863232525774
2018-12-03,-0.03574710428127581,0.019685717026676652,0.0023852592117048488
2018-12-04,0.009057287112509638,-0.029006696418787836,0.007121952397616482
2018-12-05,0.014646315517239383,0.004005368089727845,0.0
2018-12-06,0.024732014469845964,0.003989321109878485,-0.04195422228541901
2018-12-07,-0.05009124661685593,-0.00799468919960633,0.0
2018-12-10,-0.019239405653580732,-0.023689717610727357,-0.018349099999343643
2018-12-11,0.00841047850859633,-0.002743477655799964,0.008508762230077238
2018-12-13,-0.02716635654069055,-0.029270401111411104,-0.013813858848153338
2018-12-14,0.00942191124161873,-0.030153058133698174,0.0
2018-12-17,-0.0320512493723788,-0.02359999692768211,0.0
2018-12-18,0.034605529177475614,0.04165754944900435,-0.03298484957999559
2018-12-19,0.019369026568941905,0.044109384379587,0.0021746605488308646
2018-12-20,-0.008375258336732472,0.006145425547804617,-0.049454170810655285
2018-12-21,-0.010143789430504757,0.033470329452310654,0.002877723924751052
2018-12-24,0.00677394630895467,-0.03278984530622253,-0.012840724803270476
2018-12-26,-0.005924689357699631,-0.004089938119669068,0.031199871256308853
2018-12-27,-0.003401363823490211,-0.016529322946309488,-0.01899155961191923
2018-12-28,0.0008514261902177189,0.006920457565275484,0.047175934465417235
2018-12-31,-0.006831794291703552,-0.0013802936996190063,0.0036413596770783485
2019-01-02,0.02203478981135998,0.04126388450926788,0.000245849246476304
2019-01-03,0.06254575735472123,-0.015359204750568178,-0.005479311005237797
2019-01-04,0.0750636458358116,0.027871695535695462,-0.00550970183496613
2019-01-07,0.023105721048558348,0.001961436880338674,0.01509543160401794
2019-01-08,-0.018005527843718117,0.018764764471634443,0.0
2019-01-09,0.009403324261054724,-0.01160561051952369,0.0
2019-01-10,-0.03666099706317105,0.0038835216592096877,0.0
2019-01-11,-0.0403864408936081,0.03053669848044782,-0.011637324500171964
2019-01-14,-0.05268576707026229,-0.02860057869994037,-0.007105655092550123
2019-01-15,0.0,0.0025756537477201746,0.014270504377194904
2019-01-16,0.023492372398275396,-0.016861601490436584,-0.003713160015959005
2019-01-17,0.05149343448628718,-0.04275876328728012,0.008713370300394985
2019-01-18,0.003795070968551695,-0.05183228468026169,0.019125171190673917
2019-01-21,-0.010662705744040046,-0.0014388080190737007,0.0
2019-01-22,-0.02873984212198888,-0.032933854436279386,-0.00535044695164455
2019-01-23,-0.01989719441526283,0.00815128261187903,0.015438129194949468
2019-01-24,0.020684906153512372,0.015379220116841008,-0.01291451217982953
2019-01-25,-0.010288970862389668,0.01156078816688444,-0.016026434823271707
2019-01-28,0.03747511116654634,-0.0021574364593250905,-0.0023516735507174147
2019-01-29,-0.015444322427473622,0.013586171593914287,0.0023516735507174147
2019-01-30,0.0023319093349787323,-0.017915206684306906,-0.017000584368930483
2019-01-31,0.029076264081508985,0.00863933694064034,0.022964288073081818
2019-02-01,0.003012050469991756,-0.005751256889904521,-0.03241156013578639
2019-02-05,0.01936024728454111,0.024217672693267467,0.015243400875656121
2019-02-06,-0.0007377351865391901,0.01674849455387495,0.0037542764705111864
2019-02-07,-0.008895536790563874,-0.004160845716522754,0.010192494353926662
2019-02-08,0.004457659684518056,-0.014701009435848178,0.0
2019-02-11,-0.007440510516583121,-0.008498609129385049,0.007864687267564285
2019-02-12,-0.008249015654793634,-0.0007115431422182183,0.005788631186127269
2019-02-13,-0.058133375140310584,-0.006426260939553341,0.01833938725088391
2019-02-14,-0.003197444770490776,0.024762512133300607,0.003146293509988851
2019-02-15,-0.005620247632153408,-0.002098719986836528,0.008861208463351034
2019-02-18,0.0,-0.008438843716487732,0.0020735427861424682
2019-02-19,-0.004842624475787982,-0.002120903398037388,0.0235425753183387
2019-02-20,0.001616815226905377,0.005645728777713632,-0.032761467004394085
2019-02-21,-0.017108360257014343,0.04338032623931021,-0.0006692273131712057
2019-02-22,-0.0016447372128784998,0.005376341118197292,-0.0020942975813253994
2019-02-25,0.004926118336055829,0.024496470975497342,-0.001573590158163718
2019-02-26,-0.004926118336055829,0.009762445755683302,0.0
2019-02-27,0.029998195885394985,0.004523501987033107,-0.01214688861409119
2019-02-28,0.016634046897362698,0.0204218362798958,0.018144621566198893
2019-03-01,-0.0023594191047693336,0.0,-0.013701850597019671
2019-03-04,-0.014274627792593364,0.0012626550553771487,-0.01591648292869685
2019-03-05,-0.0023990415344661287,-0.009508776028957833,0.0
2019-03-06,0.0008003201707693641,-0.0031897695148317418,0.013066453314364068
2019-03-07,-0.011263192278710754,-0.03049213665199435,0.013175402748466958
2019-03-08,0.014458083175229675,-0.019288918381635156,-0.0036716720658951374
2019-03-11,0.00238948739738154,0.012679494940144309,-0.0015777279547837253
2019-03-12,-0.03151776032040532,-0.01941814847004375,0.0
2019-03-13,0.007361996441069163,0.010090959319165815,0.009950452618213923
2019-03-14,0.0040666993825539954,0.003341105371930997,0.00027623134469312305
2019-03-15,-0.022159298168709984,0.0026648837831211303,0.0
2019-03-19,0.0033140046900372866,0.005308624717021981,-0.008898351978152697
2019-03-20,0.03813849641335132,0.0254831886705027,-0.017502362647934255
2019-03-21,-0.0015936258352780008,0.004505965147201252,-0.003779289111233375
2019-03-22,-0.001596169532822156,-0.05071877301884964,0.00964749138291765
2019-03-25,0.005575482384303498,0.03648833678374652,-0.005333351787448315
2019-03-26,0.017323267852387136,0.006493476604467308,0.0025369346252395175
2019-03-27,0.045028591048222655,-0.0006475065932955992,-0.003606987195827749
2019-03-28,0.02941388520629351,-0.015666070643349794,0.003201447490420506
2019-03-29,0.012243581105711332,-0.003955201925516683,0.006918475909805544
2019-04-01,0.01209548719955622,0.016377768525282388,-0.0037165190421895034
2019-04-02,-0.009236300119511043,0.02439141301984904,-0.004531415998243915
2019-04-03,0.035755649047734206,0.027518854092459133,-0.0044503065844754275
2019-04-04,-0.0013783599701211457,0.02618116345870858,0.007224874668200876
2019-04-05,0.012337373759840897,0.014319951057191194,0.003080494427575964
2019-04-08,0.0,0.017616586302106274,-0.0008343506672501277
2019-04-09,0.0020415114269765056,-0.009944464991229918,-0.00581728868247211
2019-04-10,-0.012312057031154566,0.0,0.0015176132537400022
2019-04-11,0.004806051132099309,0.05211586020354497,0.001680398710106168
2019-04-12,-0.008943988070898357,0.006119739735826801,0.016756575112720995
2019-04-15,0.0020711087831362107,0.032736049944186885,0.0152420691008599
2019-04-16,-0.001380262468958282,0.015446428889617891,0.006689032502833925
2019-04-17,0.042588389327077536,0.008421077420520007,-0.005914887647766598
2019-04-22,-0.011984164733549019,0.005227414745921699,0.0
2019-04-23,0.04453912297624152,0.0,-0.00577372996042147
2019-04-24,-0.04119575643826723,-0.009955582409207686,0.02392112298174709
2019-04-25,-0.019548987903287518,-0.013785995088873015,0.0010126223920554622
2019-04-26,-0.006145461471494862,-0.0616594651304454,0.0
2019-04-29,0.02302065099038053,-0.03231685834384734,-0.008354573106172936
2019-04-30,0.01988137055382877,0.014556359081480341,0.0
2019-05-02,-0.0006563833514299233,0.02172757834991712,0.0
2019-05-03,0.02911884801519138,-0.006241267348933377,-0.011063508211015538
2019-05-06,-0.012837146760680707,-0.014908519030569334,0.0030911454384394688
2019-05-07,-0.0019398648178263755,-0.01513415105189475,-0.008783224733144301
2019-05-08,0.0006470398155213886,-0.03400262455322345,0.0
2019-05-09,-0.006489315439750065,-0.007919650409019319,-0.007121204806856518
2019-05-10,-0.00718722466610533,-0.030427702709507454,0.0
2019-05-13,0.01108586508176268,-0.010776666589694894,0.0
2019-05-14,0.007751976804318161,0.006986434000678887,0.023355410788159503
2019-05-15,0.03353683480991965,-0.015949302867225512,-0.027441517947383254
2019-05-16,0.03425405332312259,-0.009043995450191744,0.024372477964479167
2019-05-17,0.034282319045150444,-0.000649187877885371,-0.011334551588273456
2019-05-20,-0.02709229384661871,0.02056634834358828,0.0
2019-05-21,0.0011933175640419513,0.04660663621586991,0.0
2019-05-22,-0.01380982578008183,-0.01776456516111269,0.005168069241039852
2019-05-23,0.0173812581476791,-0.019345335714829215,-0.005427137303527729
2019-05-24,-0.0313846528818722,0.014388710705978802,0.013768479986995708
2019-05-27,-0.004916973794342638,0.0012415567542283235,0.0006336993092714849
2019-05-28,0.0018467225931648734,0.00495049009417059,0.008358356742321327
2019-05-29,0.0018433798816412938,0.03458033733035393,-0.01014285614731758
2019-05-30,0.02425831358855346,0.04203764665124643,-0.003588870776696673
2019-05-31,-0.011449416683324554,-0.013817163585535752,0.021844922601194305
2019-06-03,-0.0146522767868702,-0.005813982506303272,0.0
2019-06-04,-0.003079830062396649,-0.00467568303762933,0.00301052344180075
2019-06-05,-0.0006169700905362951,-0.0011722996339571523,0.024218432549227842
2019-06-06,-0.001235392336385921,-0.013581463441731945,0.0
2019-06-07,-0.0006182380413299882,-0.010158515019040859,0.01507933051255872
2019-06-10,-0.010568951349234634,0.022566363089377095,-0.02043862061301649
2019-06-11,0.02408260950314256,-0.0035295556767502845,0.0160940179066813
2019-06-12,-0.019095067992103587,-0.01663723181969967,0.0
2019-06-13,-0.011886283202195536,-0.023644699684839843,0.004503487080000035
2019-06-14,0.010018806722102536,0.0030628275904427404,0.0
2019-06-17,0.021572547559425725,-0.004904961553560128,0.0069832137488941015
2019-06-18,0.018127444472794352,0.0030684034941992344,0.0037140374985726865
2019-06-19,0.007754228899767401,0.0067176407074489575,0.0
2019-06-20,0.016500138146739562,0.012099201751709643,-0.001268266966676812
2019-06-21,-0.013533716423351105,0.014921199284323894,0.020541426153582343
2019-06-24,0.0005922416869728053,-0.006537726609699757,-0.004450296757472216
2019-06-25,0.008841908473538052,-0.005381208572884599,0.0
2019-06-26,-0.0017621736788435705,-0.011456303345076968,-0.006807161734108114
2019-06-27,0.012850644132067934,-0.017125875988238448,-0.0031009231438057228
2019-06-28,0.010966920884518672,0.023171856614800035,0.005202333420021077
2019-07-01,0.001720734530668011,-0.0151839535041014,-0.005724069938024989
2019-07-02,-0.0011468464230954822,0.010955614516041656,0.0068081800849153495
2019-07-03,0.009706042512176882,-0.012180444854323014,0.008305466463994549
2019-07-04,0.023028257143758335,0.010969030229129206,0.0
2019-07-05,-0.0122906012987678,0.0018165410688912864,0.0
2019-07-08,-0.015864411591336225,0.02036001617515737,-0.003510724546680777
2019-07-09,-0.028970739889990327,-0.01794304188190443,0.0
2019-07-10,0.001175146986730713,-0.016428815122355278,0.0
2019-07-11,0.019768084429034438,-0.014833355615489374,0.0
2019-07-12,-0.01918105773692158,0.013605706368435388,0.03427570194284879
2019-07-15,0.04194806207994617,0.007953567423050423,-0.007669156611701311
2019-07-16,0.016187850451292007,0.010909135197468167,0.0019752594619166786
2019-07-17,0.00827134620678116,-0.01824865815912924,-0.008181731625570343
2019-07-18,-0.031235055445327564,-0.008631378631159148,-0.0015173455790522539
2019-07-19,-0.020607425847208205,0.00432493870729056,0.018325021169778744
2019-07-22,-0.0017366718768156986,-0.020554991019045676,-0.029011623335735592
2019-07-23,0.011520807482404027,-0.033923332251641014,0.0017797285509706384
2019-07-24,-0.01908123917877491,0.015504272737000058,-0.005344154376127008
2019-07-25,0.002914662597198525,0.006389746226508564,-0.01998936133675766
2019-07-26,0.016166576581576386,-0.010887092170162038,0.02418592311343648
2019-07-29,0.022651138301707174,0.05094931791655721,0.0
2019-07-30,-0.010129574229895688,-0.035091319811269894,-0.008359498038755575
2019-07-31,-0.01137668698210792,0.026907452919924246,-0.008236295460008591
2019-08-01,0.05129329438755059,-0.04724268955975042,-0.0023656751986047553
2019-08-02,-0.0027210901143606137,0.015126891532687647,0.00047353690324403175
2019-08-05,-0.019813526538137616,-0.0006529546428528654,-0.013826307069865429
2019-08-06,-0.023054155705410917,-0.027144996718178938,0.005625154658858378
2019-08-07,-0.018949748779661935,0.010681009420334231,0.0
2019-08-08,-0.014010737069598544,-0.0006642311768625397,0.008927569589761042
2019-08-09,-0.0225931733352267,0.02946203273031589,-0.01118398365147577
2019-08-12,-0.0716593649109627,-0.03546005137886965,-0.01227887246340753
2019-08-13,-0.0025873235649509496,0.0,0.01060247857954355
2019-08-14,-0.024919322224882468,-0.020257276087825904,0.011439548316296566
2019-08-15,-0.003325576726377122,-0.022069861287031145,0.044039572005971195
2019-08-16,0.041115089471794874,0.03830837777993912,0.008130123478117035
2019-08-19,0.036413251917818634,0.008021433384575172,0.0053836277825016765
2019-08-20,-0.0030873134459681317,-0.0006660006906180627,-0.006733993132116645
2019-08-21,-0.0018570727050835067,0.04430692109957057,0.00833909189020332
2019-08-22,0.003710703082799416,-0.035683318735638014,-0.02103196286815745
2019-08-23,0.002466030766800298,-0.015308119232655848,-0.002283539614253982
2019-08-26,0.009804000096620857,0.008016074988236088,0.0
2019-08-27,0.013926898242390795,-0.014070583896942157,0.029731834282046954
2019-08-28,0.0036015645173157473,-0.012903404835908017,0.0036905465429608597
2019-08-29,0.014277398555184728,0.012228413247674208,0.01810752016826367
2019-08-30,-0.0083036654963351,0.012747572822502828,0.00015180245810242354
2019-09-02,0.027608155006572765,0.018494582636164214,0.0
2019-09-03,0.04253547353258291,0.007173164112413755,-0.021506175185490584
2019-09-04,-0.0106057371452013,0.007122076074412842,0.013659687594508974
2019-09-05,0.003361291774291786,0.07036820914734276,5.6873879161756236e-05
2019-09-06,-0.022053424786444786,0.0006011422243630271,0.0
2019-09-09,-0.024306752224161343,-0.026181101239638682,0.0
2019-09-10,0.026591219171857805,-0.013039551817486839,0.0
2019-09-11,0.011908220903226407,0.004365457509639903,0.0
2019-09-12,-0.0005638567953165641,0.00805712421731064,0.0
2019-09-13,0.02506396866321614,-0.011173362326518443,-0.002787089275522625
2019-09-17,-0.018318580523684513,-0.000624414631589687,-0.009112091070060835
2019-09-18,-0.007874112896181451,-0.002501564781702381,0.0
2019-09-19,0.015686652632974862,0.010588638657011096,0.0
2019-09-20,0.007751921647118465,0.03769449417000459,0.0
2019-09-23,0.02020276247471875,0.02241975977263788,0.011404526421455508
2019-09-24,-0.01360565205577835,-0.00643830143207369,0.019506392326875677
2019-09-25,0.01306496537053281,-0.04626844927483642,-0.006024918726435402
2019-09-26,-0.020765718285601142,0.0012293178797890825,0.008173784670468365
2019-09-27,0.015886337501507697,0.009780028455828926,-0.003863493515144256
2019-09-30,0.027868899008792525,-0.009780028455828926,0.007648203194142944
2019-10-01,0.002639167608376347,0.004290475343808886,-0.0020724041353235023
2019-10-02,0.0036833506521176673,-0.0036764133419566747,-0.012264772822742742
2019-10-03,0.006804475173326718,0.0036764133419566747,-0.006298145965345725
2019-10-04,-0.009960763875771494,0.05416378831201918,0.0
2019-10-07,0.010482276273510394,-0.01753411425379081,0.0
2019-10-08,-0.03285939597654952,-0.0035439494724633924,0.0
2019-10-09,-0.020136625973452116,-0.01670677233325568,0.015693299362027346
2019-10-10,0.019597687639796302,0.06069534558004186,0.0003000605721359406
2019-10-11,0.017103677229541425,0.009580236699235023,0.0
2019-10-14,0.013684318803616868,0.011154660803292415,-0.011276841600194487
2019-10-15,0.0031316309518363283,-0.006677876605720723,-0.00515239040485671
2019-10-16,-0.009950382963641147,0.004456831889821267,-0.0007631798821785551
2019-10-17,-0.02558774994840718,-0.03162318843051226,-0.0003272252216692806
2019-10-18,-0.001621183818999672,0.0005736162883520635,0.0
2019-10-21,0.029837003680236673,-0.01676830220833292,-0.004548735955762773
2019-10-22,0.0176903686023131,-0.016461217777250958,0.005421133759284658
2019-10-23,0.021429392549319193,-0.0065418607807608,-0.010299140169288457
2019-10-24,-0.007600695511881916,-0.01381812272493832,0.0063673953633864855
2019-10-25,0.019642989158244806,0.08741459773785021,-0.0063673953633864855
2019-10-28,0.004975184515426445,0.08344812113579536,-0.0030884752724835707
2019-10-29,0.05737895748091537,-0.0020419097946593467,-0.0022120324914824963
2019-10-30,-0.046029267146742825,0.00915570993914594,-0.002216719255406119
2019-10-31,-0.0034406523714012316,-0.03556164558697317,0.0
2019-11-01,0.03245627661268813,0.03505518824517795,0.011030922116033182
2019-11-04,-0.008616664337802948,-0.0005067139708114787,0.0
2019-11-05,-0.006753474938855586,-0.005590814928908561,0.0
2019-11-06,0.03050756207552885,-0.004085807313907175,0.019419477706610344
2019-11-07,-0.001879652853219671,-0.0077062801101250855,-0.008934782302638666
2019-11-08,-0.018035657792085047,-0.011410860624029961,0.001302401039532164
2019-11-11,0.005254418710824993,0.0052029253687218,-0.013100655142408435
2019-11-12,-0.06342744732717875,-0.02150615219869545,0.010494260798999733
2019-11-13,-0.019995641851580093,-0.002654740077852935,0.021089624636653426
2019-11-14,-0.008320329027128093,0.004244038425627483,-0.0076955263992797285
2019-11-15,0.005208345107138523,0.005279896248840288,-0.021692945093849225
2019-11-19,-0.007299250152989156,-0.002636384267953318,0.020834114279451477
2019-11-20,-0.006826017399022444,-0.01811455983708532,0.0
2019-11-21,-0.010593266153529957,-0.017353959988558376,0.0
2019-11-22,0.001064289616160785,0.017891503658111763,-0.004304829860987347
2019-11-25,-0.009620491089800343,0.0069611524215669185,-0.003942161142110656
2019-11-26,-0.029983220950474898,0.010087688410955309,0.002647174497813154
2019-11-27,0.01864089064084906,0.0005281753350097063,0.0017263463618331087
2019-11-28,-0.016982056973206205,-0.016503009619610598,0.0
2019-11-29,0.007156650418791433,0.0032155440353873743,0.005590184998385261
2019-12-02,-0.02218615681552283,-0.009137445753984785,-0.015993359934163287
2019-12-03,0.036888300209230174,0.026639827899211266,0.006514642659747771
2019-12-04,-0.004333701257118072,-0.003159613032985842,0.0034571725584946478
2019-12-05,0.01562105601148156,-0.006880101415197348,-0.008828527993127722
2019-12-06,-0.019973620010323767,-0.023100678054121193,0.007757858620022873
2019-12-09,0.01192420665042393,0.022569469542293774,0.0
2019-12-10,0.01656473889588561,0.008465659024547989,-0.006496302826049849
2019-12-11,0.01577314468292501,0.0063025418708027026,-0.011368747243444055
2019-12-13,-0.005754711297395687,-0.00367160119592036,0.006137795366332632
2019-12-16,0.007839078964085644,0.014088310240703006,0.0030547219081542565
2019-12-17,0.02518776178111981,0.034626729123040434,0.0
2019-12-18,-0.004069181399747546,0.0084725151722842,-0.009566343387945153
2019-12-19,0.0,0.000496154810476046,0.0
2019-12-20,0.014170226624831361,-0.05453580546551162,0.0043238585208547065
2019-12-23,-0.015190165493975005,0.010422241020311862,0.00323170867716005
2019-12-24,-0.011288011373439932,0.005686187311314317,0.0
2019-12-26,0.00257670852631664,0.01737396793605317,0.0
2019-12-27,-0.011907932272280597,-0.015828770615986976,-0.015793851246845847
2019-12-30,-0.03282459773137569,-0.020276181505122004,0.0024366254979284463
2019-12-31,0.0,0.0,0.0
2020-01-02,0.010706793642559553,0.051188244232636126,-0.007305334935264973
2020-01-03,0.0005323396169183425,-0.010030224260135778,0.0
2020-01-06,0.001595267512063625,0.0057796366439704094,-0.006506501036766643
2020-01-07,0.004241787908362937,-0.017440047298053152,-0.013618450813864591
2020-01-08,-0.010103835226954239,-0.0005101249661723095,-0.006318697655988359
2020-01-09,0.002668856739436176,0.0199527260748118,0.011114150888439589
2020-01-10,-0.0010666667678025377,0.040431770875539286,-0.007915549279474021
2020-01-13,-0.013971210596738004,0.006701748556093623,-0.0077857731180399625
2020-01-14,-0.008150004361924701,-0.011999184621277248,0.003529323510277571
2020-01-15,0.0374776720050507,0.013429506710902483,-0.010912848295597577
2020-01-16,0.055697661076662186,0.01653711204106534,0.008118977774539182
2020-01-17,0.008906441853330449,-0.004697049499869266,-0.013012827610683786
2020-01-20,0.0009847859236242762,-0.008035968557640327,0.0
2020-01-21,0.03339289214662822,0.005207112357163091,0.014568941214054831
2020-01-22,0.0028517129591882906,0.03022783038859167,-0.0027375689077091536
2020-01-23,0.001896681415044732,0.005026329864082246,-0.00014728882943604305
2020-01-24,0.0037825102411361833,-0.0027385685759941936,-0.01143277519570951
2020-01-27,-0.019057269502309904,-0.03298784670316657,0.0020918962804330477
2020-01-28,0.03404579330967028,0.010805836881031983,0.02090812389103469
2020-01-29,0.0060254644879198516,0.01392138460155623,-0.010973953831203254
2020-01-30,0.013312154662238118,-0.010190036988698026,0.0
2020-01-31,0.018970758629781148,-0.020221757018212827,-0.0014264243980663949
2020-02-04,0.0044643376721142936,0.004975818819727529,0.0032638187372135974
2020-02-05,-0.015260618633934797,0.017106403851404828,-0.004138838862554728
2020-02-06,-0.009543403275302342,-0.012625839923157578,0.0
2020-02-07,-0.043870825079538545,-0.009931459972400969,0.007803530854726404
2020-02-10,-0.005261863498105868,-0.03654373873961436,-0.009879504523843785
2020-02-11,-0.002401009614462435,0.019285352981817994,-0.007183480034360201
2020-02-12,0.02328458724544724,0.02247285585205816,0.005797212484624836
2020-02-13,0.022295349370660578,0.0028328159367312367,0.011722859538708441
2020-02-14,-0.001378993553392771,-0.009474206572108734,0.000913660990611298
2020-02-17,-0.005535023228533387,0.033234934168308694,0.0
2020-02-18,0.021958750059177135,-0.032759083576412884,0.015180930039825569
2020-02-19,-0.00635503741971899,0.010411830924932808,-0.013816512416914506
2020-02-20,-0.000911070678053516,-0.00424629088145112,0.011678048246362316
2020-02-21,0.0031853951124358737,-0.002840911001603441,0.0086386361253048
2020-02-24,-0.06088026841673111,-0.03916376645803732,-0.008976735819908654
2020-02-25,-0.022955782702374528,0.010789658111716616,-0.009740748231858554
2020-02-26,0.004436783220990392,-0.0004879238935542318,-0.004745969176213727
2020-02-27,0.01706942199997341,-0.046450348768882765,-0.013864452793511006
2020-02-28,-0.037442797483776324,-0.034853984906571434,-0.035886817299578766
2020-03-02,0.0114800362362395,0.0015869350483783684,0.08078204442027292
2020-03-03,-0.017522401197254123,-0.0037066497297124634,-0.02970509348831829
2020-03-04,0.013045845487901886,0.010029167990206478,0.03633501695705288
2020-03-05,-0.04381740156627156,-0.024456348498534286,0.00527232126467414
2020-03-06,-0.014690767493335422,-0.03561044576865058,0.02907801154339751
2020-03-09,-0.0598981415810691,-0.07827813790989291,0.058554068024827544
2020-03-10,0.02219841490440544,0.04019453594813305,-0.023148229469588166
2020-03-11,-0.06285669059761467,-0.051720353912358075,-0.0024682259764361447
2020-03-12,-0.008216126030839987,-0.07669255977543976,-0.06387079839055598
2020-03-13,0.03303702363796379,0.020215882461293244,0.04390358387046156
2020-03-17,-0.05870229390154247,-0.11842882192357962,0.13939644438039256
2020-03-18,0.0,-0.15621191123301204,0.0453729696777998
2020-03-19,0.09454033869429734,-0.1285674015608076,0.011307179260525047
2020-03-20,0.10387426321678772,-0.08464264315407899,-0.05175137952003084
2020-03-23,-0.1448566460110956,-0.15678295299757972,0.048128292476166123
2020-03-24,0.0085591960890814,-0.003696861881326008,-0.005053482910771123
2020-03-25,0.06648968810562028,-0.06108769197983843,-0.08284010370126005
2020-03-26,0.08310522410945476,0.13369542116585675,-0.060394693889366025
2020-03-27,-0.13605068710731816,-0.035050316879555066,0.036712166458158
2020-03-30,-0.0061850070657465395,0.02813784695893151,0.07591977090499391
2020-03-31,0.062315292288511515,0.04630979911109989,-0.030457384448755676
2020-04-01,0.015251360168086148,-0.09002615165771966,0.032789831677625614
2020-04-02,-0.06245301464654984,0.12260232209233246,0.020575363067557362
2020-04-03,0.016529247306400485,-0.034786116085415486,0.04161501864214312
2020-04-06,-0.049282033778208056,0.04223692224128106,0.04317010770686114
2020-04-07,-0.024994035740516285,-0.02904991795932732,-0.04621282947787542
2020-04-08,0.012865616433853422,0.019460073554712132,-0.010186848155488093
2020-04-13,-0.032479915378997415,0.054179916373792825,0.0034071869469318727
2020-04-14,-0.011470153265603411,0.05907229002223291,0.04000534451276572
2020-04-15,0.0036364888559052844,-0.007677580899034364,0.01113064649710438
2020-04-16,0.04668493080529057,-0.013579258126380722,0.03490748942596689
2020-04-17,0.03461338448275253,-0.003913899321136505,-0.029830347953954117
2020-04-20,0.0038964702791228767,-0.01880312696309616,0.006410254063084153
2020-04-21,-0.0033388455241558646,0.006968669316093301,0.010266677594097828
2020-04-22,-0.007834511253745902,-0.03431214498877866,0.02704760482057722
2020-04-23,0.05572173303897099,-0.012396852976828576,-0.015199574106985025
2020-04-24,-0.03790377835476422,-0.0031233757822684005,0.009968909688552685
2020-04-27,-0.01669493375980613,0.057737553254989304,-0.0015481786859581348
2020-04-28,0.010050335853501124,-0.024914093808439564,-0.026075731599931373
2020-04-29,0.07438565978541867,-0.012182891799477513,-0.06272180055873999
2020-04-30,0.0010309794993355048,-0.02168386455964999,-0.011187232294523675
2020-05-04,-0.02187587235672428,0.04888957268882432,0.02435843268891702
2020-05-05,0.032636980281421035,0.0009935420588775834,0.0026702182750693026
2020-05-06,-0.002040868003251095,-0.028199250188051916,0.00399200611675532
2020-05-07,0.02471752570588226,0.031173967304794825,-0.02187823305207015
2020-05-08,0.015327815918617649,0.035023034789563035,-0.015836028000999036
2020-05-11,-0.031400487379733555,0.0038167985267008042,0.019802627296179764
2020-05-12,0.021538523578332303,-0.0497906645030155,0.01709443335929972
2020-05-13,-0.006462911048197739,-0.024317307650706166,0.0016204487429991588
2020-05-14,-0.017103033448305105,0.014256860624864753,-0.009427481895796674
2020-05-15,0.011100063795743242,-0.014256860624864753,0.0019039810297591941
2020-05-18,0.02379884259705012,0.046100347166818434,0.016991250178291395
2020-05-19,-0.008364132402488789,-0.024790560580067567,-0.030213088964934798
2020-05-20,-0.00793654959573642,0.006006024060211779,-0.01709654940793648
2020-05-21,-0.040137416065560316,-0.006006024060211779,-0.014564732498528521
2020-05-22,0.005170538923615187,-0.026451186087169898,-0.00701757265864611
2020-05-25,0.03097485587240767,0.006166514915664223,3.524641675411999e-06
2020-05-26,0.011434377625663128,0.002047083621724788,-0.032203025142935715
2020-05-27,0.00885832564209954,0.004081638319648473,-0.009132450168898743
2020-05-28,-0.011332961896290517,-0.039465142208965354,0.009128810175523583
2020-05-29,0.0014854670096102751,-0.0301098014713701,-0.0004255167012097161
2020-06-01,-0.02911852458913966,-0.022075951699199958,-0.0011539438082692755
2020-06-02,0.03158954147460369,0.03939240171066105,-0.021224028508097348
2020-06-03,-0.005444210427845597,0.050219756979026364,0.00043886648163482533
2020-06-04,-0.030740590600983442,0.014184634991956102,-0.003419494619772756
2020-06-05,0.0035759934109358404,0.10314478305628594,-0.020983510846876108
2020-06-08,0.03162115321662062,0.021544818986775738,-0.0064029880251919025
2020-06-09,-0.030092592409443064,-0.05945967008565267,0.011696905019797477
2020-06-10,0.022653926817021386,0.015895612854959662,0.0002728568506924489
2020-06-11,-0.006491958043726598,-0.05530484519062595,0.031701330766078506
2020-06-12,0.011952433128991746,0.03184060585565884,-0.035117542097592214
2020-06-15,-0.004962838847077933,-0.009542057133203219,-0.005268633614483598
2020-06-16,0.012361096823573892,-0.006734032181344052,0.018113540102953074
2020-06-17,0.00636788828270296,-0.0009657171199588532,-0.005080451232418959
2020-06-18,-0.02371652661731627,-0.01459879942115272,0.014421075841003272
2020-06-19,-0.0015011762013807939,0.05065583635238191,0.0027778340417681235
